customer_id,age,tenure_months,annual_premium,claims_count,claim_amount,satisfaction_score,payment_delay_days,has_dispute,churn,segment
C0001,24,106,674.6,3,134.27,3,2,0,0,standard
C0002,62,13,1099.77,1,193.33,2,3,0,1,family
C0003,56,51,635.41,1,321.13,4,1,1,0,premium
C0004,44,58,837.0,1,239.47,4,1,0,0,standard
C0005,43,96,771.07,3,364.86,2,2,0,0,premium
C0006,67,20,936.15,1,97.61,3,1,1,0,family
C0007,24,55,759.09,1,456.33,4,2,0,1,standard
C0008,58,23,840.4,2,497.44,3,3,0,0,premium
C0009,31,95,848.05,0,27.09,2,3,0,0,standard
C0010,25,78,738.43,1,44.31,2,2,0,1,premium
C0011,48,62,1006.72,0,189.96,3,0,0,0,family
C0012,73,50,952.45,0,126.38,2,1,0,0,family
C0013,60,23,880.5,1,142.59,2,3,0,0,family
C0014,61,111,805.3,1,237.92,1,0,0,0,premium
C0015,59,79,1075.24,1,374.68,2,2,0,0,standard
C0016,63,42,848.12,0,93.26,4,1,0,0,premium
C0017,48,53,832.53,1,417.0,2,0,0,0,standard
C0018,27,88,923.03,2,110.55,1,2,0,0,premium
C0019,66,88,1273.25,1,749.48,5,2,1,0,standard
C0020,44,58,605.12,0,458.51,3,1,0,0,standard
C0021,47,40,1069.37,0,120.08,3,2,0,0,standard
C0022,40,81,483.5,2,59.84,3,1,0,0,standard
C0023,30,81,947.8,0,117.83,3,2,0,0,standard
C0024,70,74,1246.52,0,104.87,3,2,0,0,standard
C0025,62,14,1007.51,1,294.3,4,3,0,0,standard
C0026,55,59,937.54,2,27.9,5,2,0,0,standard
C0027,42,75,776.7,1,44.88,5,2,0,0,family
C0028,65,114,906.83,0,288.55,3,2,0,1,standard
C0029,49,65,844.55,1,101.14,2,1,0,0,family
C0030,44,45,727.09,3,135.65,1,2,0,1,standard
C0031,44,69,836.23,0,338.36,3,1,0,1,family
C0032,32,26,943.64,2,385.96,5,2,0,0,premium
C0033,25,16,731.21,1,443.99,2,0,0,1,family
C0034,50,83,722.62,2,319.28,5,0,0,0,family
C0035,68,118,600.75,2,167.27,4,1,0,0,premium
C0036,23,102,985.96,1,156.78,4,1,0,0,standard
C0037,67,72,1019.97,1,142.96,3,0,0,0,standard
C0038,65,10,950.97,1,68.56,4,1,0,0,standard
C0039,35,118,1112.34,3,90.02,1,0,0,0,family
C0040,54,57,919.33,1,406.12,1,0,0,0,family
C0041,29,39,986.24,1,109.89,1,3,0,0,standard
C0042,61,107,966.84,2,68.96,4,3,0,0,premium
C0043,58,91,879.86,1,428.78,3,6,0,1,standard
C0044,39,91,783.22,1,227.62,2,0,0,0,premium
C0045,23,37,1387.11,0,570.05,1,1,0,0,premium
C0046,73,119,800.57,1,530.91,3,1,0,0,standard
C0047,44,57,753.51,0,74.66,2,1,0,0,family
C0048,69,66,995.48,1,180.72,1,2,0,1,standard
C0049,57,91,955.41,1,84.23,1,2,0,0,premium
C0050,62,81,590.95,1,83.58,4,2,0,0,premium
C0051,61,25,1146.99,1,139.71,4,2,0,0,standard
C0052,30,40,879.28,0,300.28,2,2,1,0,standard
C0053,40,47,655.6,1,301.51,3,1,0,0,standard
C0054,45,114,1161.53,1,276.15,2,0,0,1,premium
C0055,47,87,1037.65,1,166.88,3,5,0,0,family
C0056,22,47,621.8,1,312.73,1,1,0,0,standard
C0057,50,89,1290.98,1,68.01,5,3,0,0,standard
C0058,28,90,1044.94,0,230.26,4,0,1,0,standard
C0059,60,50,897.76,0,197.96,5,3,0,0,standard
C0060,57,51,1249.85,1,159.28,2,2,0,0,standard
C0061,70,107,935.05,3,236.7,5,1,0,0,premium
C0062,60,70,893.82,2,85.7,3,0,0,1,standard
C0063,40,23,754.73,4,283.79,1,2,0,0,family
C0064,73,88,1028.01,1,194.16,2,0,1,0,standard
C0065,42,73,1004.85,2,49.31,5,2,1,0,premium
C0066,37,64,903.23,0,190.86,4,3,0,0,standard
C0067,69,88,726.2,0,127.41,4,0,0,0,standard
C0068,40,109,928.58,1,412.96,2,1,0,0,standard
C0069,24,43,884.64,1,72.71,4,0,0,1,premium
C0070,45,53,606.64,1,75.12,5,0,0,0,family
C0071,63,27,576.2,1,258.66,1,0,0,1,standard
C0072,30,79,1024.33,1,172.02,2,4,1,1,standard
C0073,45,51,327.58,0,165.77,1,1,0,0,premium
C0074,27,45,945.19,0,752.27,1,3,0,0,standard
C0075,57,85,794.82,1,307.46,5,3,0,0,family
C0076,46,52,1187.81,2,149.92,2,2,0,0,standard
C0077,38,58,791.44,0,43.16,1,1,0,0,family
C0078,32,56,1045.09,0,143.34,1,1,0,0,premium
C0079,51,35,812.68,1,65.99,5,1,1,0,standard
C0080,56,20,925.02,1,90.61,3,2,0,1,premium
C0081,71,100,1062.1,1,93.28,4,1,0,1,standard
C0082,44,16,798.24,1,391.09,2,1,0,0,premium
C0083,28,43,1119.24,1,53.54,4,1,0,1,family
C0084,65,82,681.39,2,364.95,5,1,1,0,premium
C0085,54,20,964.81,0,267.09,4,3,0,0,standard
C0086,58,80,1102.98,0,264.3,3,3,0,0,standard
C0087,25,89,1045.21,0,87.42,2,1,0,0,standard
C0088,37,81,1321.62,0,332.46,2,0,0,0,premium
C0089,62,40,732.04,2,78.59,3,1,0,0,premium
C0090,65,8,596.59,1,502.68,3,0,0,0,standard
C0091,43,107,681.25,1,397.32,1,1,0,1,premium
C0092,64,43,1045.3,2,560.49,1,1,0,0,premium
C0093,66,97,1009.54,0,198.73,3,1,0,0,premium
C0094,41,28,922.5,0,171.93,1,1,0,0,standard
C0095,69,24,652.95,2,140.26,3,2,0,0,standard
C0096,35,94,1068.71,2,741.82,2,0,0,0,standard
C0097,33,113,630.56,1,298.4,2,1,0,0,family
C0098,57,104,1154.97,0,66.7,1,2,1,0,family
C0099,55,91,1528.64,1,464.62,3,1,0,1,family
C0100,27,34,980.62,0,166.92,1,1,0,0,standard
C0101,65,110,1028.28,1,11.32,4,1,0,0,premium
C0102,30,82,791.57,0,104.55,5,0,0,0,family
C0103,64,25,501.75,0,397.14,5,0,0,1,standard
C0104,20,20,767.4,2,267.73,4,3,0,0,standard
C0105,63,105,659.56,0,306.17,5,1,0,1,standard
C0106,63,37,581.66,2,461.57,5,3,1,0,premium
C0107,62,93,1278.92,2,35.69,4,2,0,0,standard
C0108,56,21,960.03,2,105.64,2,1,0,0,standard
C0109,45,37,983.53,1,202.08,3,1,0,0,standard
C0110,58,38,832.02,3,405.17,5,3,0,0,premium
C0111,35,38,861.97,2,78.18,4,2,0,0,family
C0112,62,82,1112.2,0,149.21,2,2,1,0,premium
C0113,50,110,892.89,0,192.57,1,3,1,1,family
C0114,45,109,1016.75,1,101.22,1,3,0,0,premium
C0115,47,90,856.88,1,190.92,2,2,0,0,family
C0116,51,29,824.73,0,171.28,5,1,0,0,standard
C0117,22,115,590.48,1,124.87,3,3,0,1,family
C0118,27,67,464.9,1,331.87,1,2,0,0,family
C0119,33,68,842.46,1,291.54,5,0,0,1,premium
C0120,26,85,912.43,2,342.14,3,1,0,0,standard
C0121,44,93,617.05,0,363.08,2,0,0,0,standard
C0122,56,114,892.42,0,47.4,5,0,0,1,standard
C0123,55,72,911.83,2,53.04,2,2,1,0,standard
C0124,45,75,425.68,1,312.57,4,3,0,0,standard
C0125,67,90,698.67,1,134.51,5,1,0,0,standard
C0126,51,35,989.6,1,121.01,3,1,1,1,standard
C0127,24,41,985.15,1,106.32,4,1,0,0,family
C0128,62,77,646.19,0,350.41,2,1,0,0,premium
C0129,51,13,934.86,0,711.28,5,2,0,0,family
C0130,54,42,1124.93,1,361.77,1,2,0,0,standard
C0131,51,87,1070.96,2,129.62,2,1,0,0,standard
C0132,50,117,879.04,1,338.24,5,1,0,0,standard
C0133,24,65,797.05,1,51.4,3,2,0,0,family
C0134,50,51,761.54,3,162.12,1,2,0,0,standard
C0135,63,56,1002.92,0,35.74,3,2,0,0,premium
C0136,36,84,942.92,2,134.72,2,3,0,0,standard
C0137,53,68,1038.47,0,218.82,3,1,1,0,standard
C0138,21,8,929.01,0,797.9,2,0,0,0,standard
C0139,39,67,1080.13,1,427.34,2,3,0,0,standard
C0140,44,51,920.81,3,36.56,5,6,1,0,standard
C0141,74,85,1072.63,1,40.55,1,1,1,0,family
C0142,31,105,1091.58,1,101.82,4,1,0,1,standard
C0143,35,115,723.0,0,607.51,1,1,0,0,standard
C0144,42,75,502.21,0,38.45,3,6,0,0,standard
C0145,74,47,1239.57,0,107.03,4,1,0,1,family
C0146,66,56,956.46,2,106.54,5,0,0,0,premium
C0147,21,26,522.81,0,258.32,2,1,0,0,premium
C0148,32,112,742.96,1,344.24,1,1,0,0,standard
C0149,65,102,1069.81,4,293.58,4,1,0,0,family
C0150,23,103,838.47,1,232.71,5,1,0,0,standard
C0151,67,43,787.35,0,49.26,3,2,0,0,premium
C0152,35,42,1208.19,1,206.6,1,1,0,0,family
C0153,70,103,669.6,3,470.44,3,5,0,0,standard
C0154,36,68,724.41,1,578.1,2,0,0,1,standard
C0155,43,86,946.51,0,253.33,3,1,0,0,standard
C0156,56,61,985.9,1,36.95,1,2,0,0,standard
C0157,26,56,1009.2,2,256.47,2,2,0,1,standard
C0158,50,78,1100.47,1,170.86,5,2,0,0,standard
C0159,47,98,943.69,0,43.62,1,0,0,1,standard
C0160,63,44,1007.66,1,74.0,5,0,0,0,premium
C0161,74,98,842.97,0,87.39,3,0,0,0,standard
C0162,56,33,913.79,1,313.33,3,0,1,1,premium
C0163,42,51,923.66,1,561.97,5,0,0,0,standard
C0164,42,110,947.32,1,280.23,2,5,0,0,standard
C0165,42,114,1069.96,1,320.39,5,5,0,0,standard
C0166,64,111,1022.13,1,180.34,2,0,0,0,family
C0167,37,42,909.73,0,119.43,2,1,0,0,standard
C0168,29,102,721.99,1,285.75,3,0,0,0,premium
C0169,38,112,914.89,1,234.99,4,0,0,0,family
C0170,21,117,893.84,0,94.8,2,2,0,0,premium
C0171,25,8,942.5,2,223.53,4,1,0,1,standard
C0172,24,90,1385.44,1,189.56,1,2,0,1,standard
C0173,62,119,784.77,1,148.27,4,0,0,0,premium
C0174,59,93,992.9,1,115.91,4,1,0,0,premium
C0175,58,32,1135.06,1,253.16,3,3,0,0,premium
C0176,45,92,921.56,3,122.4,4,3,0,0,premium
C0177,59,17,1414.33,0,711.9,4,1,1,0,standard
C0178,28,60,816.83,1,273.51,5,0,0,0,premium
C0179,69,77,971.3,1,256.26,2,2,1,1,premium
C0180,47,58,724.26,1,165.64,3,6,0,0,family
C0181,71,85,822.66,0,137.96,3,0,0,0,premium
C0182,28,33,954.77,0,27.91,2,1,0,1,standard
C0183,47,75,1086.19,1,100.49,5,2,0,0,premium
C0184,58,79,970.2,0,36.04,3,1,1,0,premium
C0185,47,78,1177.01,2,35.49,3,2,0,0,standard
C0186,44,38,879.11,0,63.81,1,1,0,1,standard
C0187,29,40,826.92,1,437.53,3,1,0,0,standard
C0188,40,35,1494.88,0,436.09,4,1,0,0,standard
C0189,33,58,986.73,1,102.57,3,1,0,1,premium
C0190,36,72,741.71,1,48.04,4,1,0,0,standard
C0191,57,47,747.26,0,132.89,1,2,0,0,premium
C0192,54,52,692.61,0,311.09,1,1,0,0,standard
C0193,53,38,1106.05,0,377.94,2,3,0,0,family
C0194,39,30,819.84,0,221.15,2,1,0,0,premium
C0195,72,80,928.02,0,250.85,5,2,1,0,premium
C0196,24,99,886.03,2,233.3,5,3,0,0,standard
C0197,38,39,1060.93,1,38.99,3,3,0,0,family
C0198,26,104,713.72,1,53.09,3,1,1,0,standard
C0199,38,71,663.37,0,577.44,2,0,0,0,premium
C0200,72,25,949.35,0,220.37,3,1,0,1,standard
C0201,40,47,1032.21,0,20.25,4,2,0,0,standard
C0202,69,6,973.16,0,261.95,4,2,0,0,premium
C0203,47,10,721.92,2,83.63,5,1,1,1,standard
C0204,58,44,1049.05,1,399.1,3,2,0,1,standard
C0205,45,57,736.35,1,370.16,2,1,0,0,standard
C0206,34,96,785.26,0,298.97,1,1,0,1,standard
C0207,62,21,692.33,3,218.48,4,3,0,0,family
C0208,73,101,1186.25,1,466.54,5,2,1,0,premium
C0209,34,32,1039.35,0,498.99,3,1,0,0,standard
C0210,62,21,1033.1,1,85.64,5,1,0,0,premium
C0211,34,85,1174.39,1,296.65,2,0,0,0,premium
C0212,59,94,1518.78,1,117.02,1,1,0,0,premium
C0213,63,74,523.97,1,74.58,4,1,0,0,premium
C0214,44,19,737.56,0,498.7,1,0,0,0,standard
C0215,60,19,764.44,0,331.07,1,2,0,1,standard
C0216,34,50,712.82,2,232.15,4,3,1,0,premium
C0217,24,57,662.93,1,93.36,3,0,1,0,premium
C0218,25,119,834.08,1,508.63,4,1,0,0,premium
C0219,44,38,632.35,1,82.51,4,2,0,0,standard
C0220,69,27,973.71,1,66.05,2,0,0,0,family
C0221,27,113,911.37,2,190.0,4,2,0,0,standard
C0222,45,23,1005.83,2,311.05,3,3,0,0,premium
C0223,58,9,1011.7,1,143.91,3,1,0,0,standard
C0224,31,54,1032.66,1,215.84,4,1,0,0,premium
C0225,59,51,817.85,0,116.61,2,2,0,0,family
C0226,36,76,1366.65,1,128.09,3,1,0,0,standard
C0227,64,106,951.57,2,621.25,3,0,0,0,premium
C0228,51,112,490.25,0,176.39,1,1,0,1,premium
C0229,50,39,679.48,0,486.96,2,2,0,0,standard
C0230,29,117,517.09,1,34.05,1,1,0,0,standard
C0231,45,78,903.81,2,404.69,1,2,0,0,premium
C0232,67,13,873.2,1,97.53,3,2,0,0,standard
C0233,21,112,796.95,1,336.73,5,2,0,0,standard
C0234,61,21,1342.4,0,96.8,5,2,0,0,family
C0235,47,73,1020.78,1,135.87,4,1,0,1,premium
C0236,59,96,1059.74,1,72.5,3,1,0,0,premium
C0237,56,34,695.16,1,341.31,2,3,0,0,premium
C0238,43,36,680.19,1,379.65,2,2,0,0,standard
C0239,36,60,908.1,0,100.38,4,3,0,0,premium
C0240,54,106,938.06,0,44.68,5,1,0,0,standard
C0241,27,31,491.61,1,482.25,5,1,0,0,standard
C0242,52,81,860.33,1,111.25,2,1,0,0,premium
C0243,25,57,903.1,0,169.19,3,3,0,0,family
C0244,55,18,852.67,1,84.95,3,1,0,0,standard
C0245,54,87,721.05,2,318.41,1,1,0,0,family
C0246,24,100,781.3,2,324.09,1,2,0,1,premium
C0247,61,71,861.09,2,536.95,1,4,0,0,standard
C0248,42,26,919.98,1,412.9,4,0,0,0,standard
C0249,63,23,1033.05,1,393.46,2,3,0,1,standard
C0250,22,54,1137.79,2,181.73,4,1,0,0,premium
C0251,29,63,835.24,0,164.57,2,2,0,0,standard
C0252,47,68,799.65,0,315.25,4,0,0,0,standard
C0253,30,33,996.28,0,173.82,1,4,0,0,standard
C0254,38,63,1034.39,2,422.68,2,3,0,0,family
C0255,56,39,804.48,0,80.06,2,1,0,1,standard
C0256,27,84,1073.89,1,33.25,3,3,0,0,standard
C0257,57,96,1115.51,1,289.3,3,3,0,0,standard
C0258,25,80,1184.17,0,123.55,1,2,0,0,standard
C0259,29,6,1291.23,1,69.04,4,2,0,0,standard
C0260,52,119,709.39,1,766.03,5,2,0,0,premium
C0261,63,8,903.06,3,195.15,1,1,0,0,premium
C0262,29,119,902.48,2,54.5,1,1,0,0,standard
C0263,36,9,878.42,0,111.33,5,1,0,0,family
C0264,70,64,757.16,1,153.59,4,0,1,0,standard
C0265,74,18,573.18,2,284.98,5,2,0,0,family
C0266,51,16,920.39,1,111.83,4,4,0,0,standard
C0267,44,83,730.96,0,171.22,4,0,0,0,family
C0268,39,88,918.92,1,238.18,1,0,0,0,family
C0269,53,19,725.31,0,272.03,3,1,1,0,family
C0270,52,117,658.08,1,181.23,2,5,0,0,standard
C0271,36,42,951.55,1,614.69,5,2,0,0,standard
C0272,21,42,933.2,1,320.82,1,2,0,0,family
C0273,28,39,1027.44,4,308.26,1,2,0,0,standard
C0274,72,58,1380.89,1,300.24,3,1,0,0,standard
C0275,42,26,961.0,3,424.93,5,0,0,0,standard
C0276,46,54,1006.72,1,226.42,5,2,0,0,standard
C0277,45,29,662.94,0,78.83,3,0,0,0,standard
C0278,63,11,616.88,0,262.61,3,2,0,0,standard
C0279,23,48,1248.22,2,287.35,2,2,0,1,premium
C0280,24,82,696.83,0,470.97,5,1,0,0,standard
C0281,35,92,670.33,0,71.55,1,2,0,0,standard
C0282,46,46,891.4,3,88.99,1,0,0,1,standard
C0283,56,42,880.16,1,200.08,3,1,0,0,family
C0284,46,95,701.45,1,306.4,2,1,0,0,premium
C0285,44,83,832.91,0,59.39,3,2,0,0,premium
C0286,71,100,1170.46,2,73.43,5,3,1,0,premium
C0287,28,109,722.68,1,359.65,2,2,0,1,premium
C0288,51,99,593.39,0,61.86,5,5,0,0,standard
C0289,49,112,1107.37,0,90.12,2,1,0,1,premium
C0290,46,53,1008.31,0,375.75,2,2,0,0,standard
C0291,64,50,763.49,1,303.2,1,1,0,0,premium
C0292,34,42,551.92,1,112.84,4,0,0,0,standard
C0293,72,32,736.18,3,278.56,5,0,0,0,family
C0294,38,91,887.97,2,240.94,5,0,1,0,standard
C0295,49,87,1156.45,0,175.71,1,2,1,1,standard
C0296,48,97,671.95,0,140.96,4,1,0,0,premium
C0297,66,25,881.41,0,270.63,1,1,0,1,standard
C0298,44,62,1048.53,1,67.34,4,0,0,0,standard
C0299,35,31,376.12,0,268.38,4,1,1,0,family
C0300,21,107,1127.43,1,224.55,1,1,0,0,premium
C0301,40,36,639.86,0,236.81,1,1,0,0,premium
C0302,65,22,973.04,1,86.56,1,1,0,0,standard
C0303,20,70,954.27,0,479.03,4,0,0,1,standard
C0304,69,106,1138.61,0,113.18,4,2,0,1,standard
C0305,49,110,1021.2,0,128.96,1,1,0,0,premium
C0306,27,16,377.0,1,170.28,3,1,0,0,premium
C0307,36,43,727.35,0,302.7,4,2,0,0,standard
C0308,50,23,930.41,2,231.54,2,1,0,0,standard
C0309,37,41,857.1,0,42.93,4,3,0,0,standard
C0310,25,66,1005.07,1,192.99,2,1,0,0,standard
C0311,56,37,1073.66,1,205.57,2,1,0,0,standard
C0312,56,13,1033.86,0,486.95,2,1,0,0,standard
C0313,26,64,852.86,1,151.54,2,5,0,1,standard
C0314,35,12,493.81,1,284.14,3,0,0,0,standard
C0315,33,31,799.79,1,1001.75,2,3,0,1,standard
C0316,56,6,991.6,2,431.34,2,4,0,0,standard
C0317,60,15,660.1,0,82.24,4,4,0,0,family
C0318,59,55,1038.88,1,331.81,2,4,0,0,standard
C0319,71,102,1099.85,1,269.2,4,0,0,1,standard
C0320,62,94,927.91,1,147.5,1,3,1,0,standard
C0321,37,17,225.97,0,334.54,1,0,0,0,standard
C0322,25,9,618.82,0,81.11,5,3,0,0,standard
C0323,53,44,1314.96,0,115.18,3,1,0,0,standard
C0324,70,80,779.76,0,171.71,4,2,0,0,standard
C0325,73,91,463.49,1,141.97,4,2,1,0,family
C0326,32,99,1171.75,0,309.46,1,2,0,0,family
C0327,33,45,902.94,0,188.92,5,2,0,1,standard
C0328,22,25,1143.09,0,130.49,3,3,0,0,standard
C0329,27,9,960.93,2,426.47,5,2,0,0,family
C0330,50,22,1000.88,3,301.21,3,3,0,0,standard
C0331,50,13,979.86,0,52.26,3,0,0,0,family
C0332,40,104,1053.45,1,51.22,4,3,0,0,premium
C0333,37,36,1401.03,1,131.27,1,0,1,0,standard
C0334,65,99,1113.62,0,59.03,4,3,0,0,standard
C0335,45,69,552.33,2,380.71,5,1,0,0,standard
C0336,64,67,998.27,1,119.91,4,1,0,0,family
C0337,72,57,1151.13,1,283.88,1,1,0,0,standard
C0338,37,99,1164.59,2,328.56,4,2,0,1,premium
C0339,31,10,806.15,0,28.28,1,0,0,0,standard
C0340,72,16,1156.29,0,124.6,1,2,1,0,family
C0341,54,54,1104.1,0,165.58,2,0,0,0,premium
C0342,36,50,1465.95,0,239.19,2,2,0,0,standard
C0343,54,68,735.0,0,366.02,1,0,0,0,standard
C0344,48,90,788.37,1,788.57,1,3,0,0,standard
C0345,69,72,832.65,0,574.55,4,3,0,0,family
C0346,34,35,792.15,1,187.19,3,5,0,0,premium
C0347,74,43,704.2,2,185.47,1,2,0,0,standard
C0348,71,91,292.21,0,534.95,3,1,0,0,family
C0349,29,28,804.37,0,195.18,4,1,0,0,standard
C0350,29,63,981.26,1,122.24,4,4,0,1,standard
C0351,49,67,791.49,0,385.04,2,2,0,0,family
C0352,22,91,1325.78,1,247.81,1,0,0,1,standard
C0353,36,87,902.94,0,50.4,5,4,0,1,family
C0354,43,58,1184.03,1,152.62,4,1,0,0,standard
C0355,73,41,957.51,0,60.88,5,2,0,0,premium
C0356,74,47,1081.81,1,11.28,2,1,1,0,standard
C0357,28,52,961.43,1,627.93,1,1,0,0,standard
C0358,69,30,1201.13,0,214.71,2,2,0,1,standard
C0359,25,77,912.31,1,157.24,2,3,0,0,premium
C0360,61,29,1009.15,0,130.43,4,2,1,0,standard
C0361,66,79,980.59,3,198.03,4,0,0,0,standard
C0362,68,91,836.58,0,129.06,1,2,0,1,standard
C0363,32,115,989.1,1,83.62,3,2,0,0,standard
C0364,69,19,1391.56,0,135.48,2,3,0,0,premium
C0365,26,92,840.51,1,500.14,4,0,0,0,premium
C0366,48,15,992.28,0,379.02,2,2,1,0,premium
C0367,45,44,1176.71,0,135.62,3,1,0,0,standard
C0368,37,26,1150.86,1,670.42,4,1,0,0,standard
C0369,21,24,902.58,1,185.46,2,4,0,0,standard
C0370,62,25,375.65,0,101.37,1,0,1,0,standard
C0371,38,11,1013.67,1,255.92,4,4,0,0,family
C0372,56,99,411.72,2,553.85,5,2,0,1,standard
C0373,42,12,1223.39,2,484.28,3,2,0,0,family
C0374,40,51,937.28,2,105.82,5,3,0,0,standard
C0375,68,85,1119.93,2,68.81,1,2,0,0,premium
C0376,25,118,701.54,0,145.98,5,1,0,1,premium
C0377,60,103,558.45,1,287.63,5,1,0,0,premium
C0378,61,21,957.37,0,344.69,2,1,0,0,premium
C0379,40,118,892.61,2,438.67,1,2,0,1,standard
C0380,34,80,791.86,0,223.63,4,2,0,0,premium
C0381,20,26,918.63,1,229.13,5,2,0,0,standard
C0382,71,57,1508.84,0,217.52,1,3,0,0,standard
C0383,72,110,1083.6,1,400.52,4,2,0,0,standard
C0384,33,50,1130.89,0,348.94,5,3,0,1,standard
C0385,21,26,1085.67,1,102.53,1,3,0,0,family
C0386,26,105,1225.48,5,319.68,3,3,0,1,standard
C0387,23,114,858.18,1,382.97,1,1,0,1,standard
C0388,65,117,447.95,1,404.13,1,0,1,0,standard
C0389,69,114,858.51,0,248.01,3,2,0,0,premium
C0390,28,105,1078.58,0,238.21,2,7,0,0,premium
C0391,61,57,686.64,1,191.72,1,1,0,0,family
C0392,29,27,861.2,0,207.27,5,1,0,0,premium
C0393,40,76,747.81,0,603.42,2,2,0,0,standard
C0394,52,31,1230.45,1,212.56,5,3,1,1,standard
C0395,59,59,1064.88,1,109.78,1,1,0,0,standard
C0396,68,80,1043.34,0,251.86,3,3,0,1,premium
C0397,22,113,1036.75,0,339.97,4,1,0,0,family
C0398,30,38,891.81,1,392.74,3,4,0,0,standard
C0399,35,34,943.46,1,82.75,3,1,0,0,standard
C0400,37,89,639.26,1,523.12,4,4,0,0,premium
C0401,74,6,418.98,1,331.13,1,3,1,0,premium
C0402,62,70,933.02,1,503.52,5,0,0,0,premium
C0403,37,91,971.28,1,56.77,4,2,0,0,standard
C0404,73,68,1166.04,0,414.68,4,1,0,1,standard
C0405,47,49,1245.69,0,79.14,3,1,0,0,standard
C0406,47,100,1245.4,1,159.92,2,3,1,0,standard
C0407,43,48,680.43,1,338.69,3,1,0,0,premium
C0408,27,87,822.5,0,72.13,4,6,0,0,standard
C0409,71,58,1005.67,2,128.23,5,4,0,0,standard
C0410,20,9,1457.02,0,55.73,5,1,0,0,family
C0411,29,66,1225.62,0,332.46,1,2,0,0,standard
C0412,32,11,1146.27,1,101.04,1,2,0,0,standard
C0413,35,112,814.69,2,202.45,5,2,0,0,family
C0414,27,74,705.7,2,269.57,2,3,0,1,standard
C0415,20,48,1073.56,1,249.78,3,1,0,0,premium
C0416,57,61,657.85,0,233.49,1,3,1,0,standard
C0417,73,76,847.54,0,233.16,1,2,0,0,family
C0418,26,35,874.75,0,59.51,3,4,1,0,standard
C0419,36,38,1250.44,1,166.95,4,3,1,0,standard
C0420,47,53,821.97,0,231.63,4,4,1,0,family
C0421,71,35,363.37,1,213.42,5,0,0,0,premium
C0422,58,92,1010.98,0,182.32,1,2,0,0,standard
C0423,62,17,746.22,0,113.21,2,0,0,0,standard
C0424,51,100,909.38,1,245.84,3,0,0,0,standard
C0425,42,45,880.92,1,279.72,3,1,0,0,standard
C0426,30,69,839.79,2,142.59,1,1,0,0,standard
C0427,67,23,1073.87,0,394.61,3,5,0,1,standard
C0428,64,49,562.77,2,530.41,5,3,0,0,family
C0429,21,92,786.26,0,205.5,1,1,1,0,premium
C0430,59,36,1050.49,0,104.51,5,1,0,0,family
C0431,24,21,764.9,2,71.3,3,2,1,1,standard
C0432,60,65,546.06,2,158.09,3,1,0,0,standard
C0433,65,24,1047.08,0,194.27,4,2,0,0,premium
C0434,27,41,1147.08,0,67.77,4,0,0,0,standard
C0435,43,57,890.1,1,154.28,4,1,0,0,standard
C0436,26,70,468.61,1,380.65,1,3,0,0,family
C0437,51,78,1055.31,2,23.14,2,0,0,1,premium
C0438,71,83,534.82,1,215.26,5,2,1,0,standard
C0439,24,102,967.94,1,127.58,1,2,0,0,standard
C0440,41,13,704.76,0,198.87,4,4,0,0,standard
C0441,73,47,644.84,0,549.37,3,1,0,0,premium
C0442,36,6,802.78,1,191.87,1,3,0,1,standard
C0443,27,7,859.67,0,171.32,1,1,0,0,family
C0444,46,30,758.27,2,317.76,5,1,0,0,standard
C0445,47,74,1029.51,1,248.28,1,1,0,0,standard
C0446,56,107,801.86,1,215.95,1,2,0,0,premium
C0447,37,94,1115.64,0,254.79,1,1,0,1,family
C0448,72,79,961.86,1,452.3,4,3,0,0,family
C0449,48,94,746.54,1,364.04,5,2,0,1,standard
C0450,35,25,709.49,0,162.3,1,5,0,0,standard
C0451,72,101,537.55,2,530.18,4,2,0,1,premium
C0452,70,107,963.96,1,134.05,4,2,0,0,family
C0453,47,16,821.99,0,215.29,2,4,1,0,family
C0454,21,59,378.12,2,233.79,1,3,0,0,standard
C0455,52,100,782.14,1,156.31,3,2,0,0,premium
C0456,50,60,701.77,1,492.71,1,4,0,0,standard
C0457,28,101,1246.65,0,150.22,1,4,0,0,standard
C0458,54,112,525.39,1,180.59,3,0,0,0,standard
C0459,66,60,582.9,1,400.71,5,2,0,1,standard
C0460,25,12,1144.19,3,138.12,5,3,0,0,standard
C0461,59,44,1198.49,1,65.12,4,2,0,1,standard
C0462,27,30,736.1,0,219.86,2,3,0,0,premium
C0463,61,60,760.94,0,84.49,2,0,0,0,premium
C0464,43,72,1035.57,2,76.22,4,3,0,0,standard
C0465,20,58,388.04,0,23.81,1,1,0,0,premium
C0466,73,28,490.54,1,27.96,3,1,0,0,standard
C0467,29,40,838.24,0,30.55,4,2,1,0,standard
C0468,52,83,1240.98,2,576.69,5,5,0,1,family
C0469,29,9,804.14,0,30.41,1,2,0,0,standard
C0470,71,30,922.21,1,82.58,2,5,0,0,standard
C0471,60,107,1149.43,0,182.93,2,2,0,0,premium
C0472,64,17,1363.51,2,308.02,3,1,0,0,standard
C0473,43,53,773.09,1,330.31,1,1,0,0,standard
C0474,45,29,896.3,2,104.56,5,1,1,1,premium
C0475,54,17,1300.85,2,212.38,5,3,0,0,premium
C0476,63,54,565.12,2,178.87,2,0,0,0,standard
C0477,66,65,1126.07,1,203.49,3,1,1,0,family
C0478,20,26,675.97,1,224.04,3,4,0,1,standard
C0479,56,14,922.54,0,268.92,1,2,1,0,standard
C0480,26,21,846.62,1,125.64,5,2,0,0,standard
C0481,35,80,689.24,0,151.13,4,1,1,0,standard
C0482,65,104,683.72,1,766.49,2,3,0,0,family
C0483,33,26,960.81,0,132.01,3,0,0,0,premium
C0484,63,42,1119.02,1,215.18,2,0,1,0,standard
C0485,45,45,871.46,0,180.11,2,0,0,0,standard
C0486,32,47,915.42,0,208.99,2,2,0,0,standard
C0487,38,33,1025.66,0,407.9,1,2,0,1,premium
C0488,49,12,686.24,0,172.31,5,0,0,1,standard
C0489,62,65,1062.73,0,73.28,4,2,0,0,family
C0490,53,46,1080.26,1,123.78,5,1,0,0,standard
C0491,71,45,1472.8,0,172.6,1,2,0,1,standard
C0492,67,36,817.26,0,229.37,4,2,0,0,family
C0493,61,111,799.22,2,104.99,3,2,0,1,family
C0494,53,75,1069.17,1,115.03,4,0,0,0,standard
C0495,35,53,1080.2,3,235.48,5,5,0,0,standard
C0496,42,29,782.28,0,241.41,2,6,0,0,family
C0497,26,97,811.3,0,369.72,1,0,0,1,premium
C0498,40,107,1019.05,0,122.51,1,2,1,0,premium
C0499,70,9,717.93,0,287.76,3,0,0,0,premium
C0500,43,111,809.68,1,180.37,1,3,0,0,family
C0501,26,85,919.71,1,137.3,1,1,1,1,standard
C0502,55,17,1119.11,0,184.89,1,1,0,0,standard
C0503,72,91,766.99,2,204.69,2,4,0,1,standard
C0504,67,18,494.68,1,66.05,1,1,0,0,premium
C0505,35,11,478.35,0,71.09,3,1,0,1,standard
C0506,44,19,622.93,1,315.5,4,4,0,0,standard
C0507,49,58,611.1,1,148.22,2,2,0,0,premium
C0508,33,76,865.99,2,230.58,1,2,0,0,standard
C0509,34,52,638.45,0,309.08,3,0,0,0,family
C0510,33,19,745.39,1,185.72,1,0,0,0,standard
C0511,74,28,729.7,2,291.44,4,3,0,0,premium
C0512,61,103,803.09,0,205.66,2,3,0,0,premium
C0513,66,115,1190.95,1,212.8,3,3,0,0,standard
C0514,64,91,1045.63,1,430.32,2,2,0,0,standard
C0515,72,17,903.55,0,170.86,2,0,0,1,standard
C0516,25,99,798.57,1,317.99,1,2,0,0,premium
C0517,68,84,804.69,1,55.07,3,1,0,0,premium
C0518,23,65,972.1,4,224.63,1,0,0,0,standard
C0519,46,22,1028.52,1,503.78,4,0,0,0,standard
C0520,52,119,700.32,0,802.12,2,0,0,0,family
C0521,39,56,908.03,1,57.95,3,2,0,0,standard
C0522,28,11,453.04,0,147.63,3,2,0,0,family
C0523,30,29,946.58,1,86.22,4,1,0,0,standard
C0524,65,51,1067.67,1,176.07,4,1,0,1,standard
C0525,37,13,838.38,0,353.88,3,0,0,1,standard
C0526,37,42,1299.64,1,440.62,5,3,0,0,standard
C0527,70,59,706.13,2,450.12,2,2,0,0,family
C0528,27,114,947.84,0,52.8,4,2,0,0,premium
C0529,70,15,892.12,0,201.43,2,1,0,0,premium
C0530,70,71,877.93,0,120.47,4,1,0,0,premium
C0531,52,110,874.85,0,168.37,3,0,0,0,premium
C0532,29,97,923.56,1,134.76,5,2,0,0,premium
C0533,28,111,1086.55,1,55.59,2,6,1,0,premium
C0534,35,25,1203.1,1,443.49,3,1,1,0,family
C0535,51,97,899.5,1,105.88,1,0,0,0,premium
C0536,28,117,1079.37,0,122.35,4,1,0,0,standard
C0537,45,43,745.61,1,505.77,1,3,0,0,standard
C0538,26,62,1068.51,1,46.09,3,2,0,0,standard
C0539,49,66,732.36,1,266.2,1,0,0,0,standard
C0540,21,62,1139.95,0,387.7,2,2,0,0,standard
C0541,58,39,1386.34,0,479.59,3,1,0,0,standard
C0542,23,116,873.14,0,253.51,2,2,0,0,standard
C0543,30,115,417.64,0,322.01,2,2,1,0,family
C0544,29,49,779.42,2,387.56,1,1,0,0,premium
C0545,65,97,1171.01,0,178.17,4,1,0,0,standard
C0546,22,51,1021.68,0,93.39,4,0,0,0,family
C0547,43,96,954.76,1,530.93,3,3,0,0,family
C0548,52,72,1121.91,0,298.59,1,2,1,0,family
C0549,48,59,1006.58,1,201.26,1,2,0,0,standard
C0550,57,20,1167.9,1,58.53,4,0,0,0,standard
C0551,64,80,1102.27,1,17.95,5,0,0,0,standard
C0552,41,42,1234.77,0,262.54,5,1,0,0,premium
C0553,65,30,978.94,1,16.4,3,3,0,0,premium
C0554,37,28,1099.16,1,199.64,3,2,0,0,premium
C0555,74,117,832.43,0,110.12,1,2,0,1,premium
C0556,47,17,767.68,1,134.49,1,1,0,0,family
C0557,60,97,1275.49,1,453.37,4,0,0,0,premium
C0558,68,104,947.57,1,111.01,3,2,0,0,family
C0559,63,9,1077.07,1,207.14,3,3,0,0,family
C0560,66,73,927.22,0,111.52,2,1,0,0,standard
C0561,49,71,770.97,0,245.46,2,3,0,0,family
C0562,22,46,902.42,2,221.09,5,1,0,1,standard
C0563,47,82,1215.92,3,199.74,5,0,0,1,standard
C0564,29,52,1022.15,0,388.52,4,2,0,0,family
C0565,68,56,523.48,0,46.21,2,5,0,0,standard
C0566,33,55,852.65,2,34.04,4,2,0,0,standard
C0567,32,97,1292.1,0,69.39,2,1,0,0,family
C0568,33,78,852.96,0,221.91,3,2,0,0,standard
C0569,55,49,503.89,2,275.9,1,2,0,0,standard
C0570,51,111,1316.47,3,5.42,4,2,0,0,standard
C0571,72,97,1050.13,3,273.35,1,1,0,0,standard
C0572,42,112,884.6,1,150.57,4,2,0,0,standard
C0573,35,89,818.29,0,539.95,4,0,0,0,standard
C0574,22,50,1138.12,1,259.38,1,0,0,0,family
C0575,20,94,780.76,1,499.19,3,2,0,0,standard
C0576,40,43,1152.62,1,438.39,2,1,0,0,premium
C0577,70,36,1019.28,2,150.63,3,4,0,0,standard
C0578,48,57,953.83,0,354.93,1,2,0,0,standard
C0579,69,116,932.01,0,150.37,4,2,0,1,premium
C0580,25,70,861.51,2,584.44,3,4,1,0,standard
C0581,25,49,1130.04,0,161.91,2,2,0,0,standard
C0582,65,58,709.62,0,285.25,5,2,0,0,standard
C0583,25,39,543.18,0,656.7,4,4,1,0,standard
C0584,22,81,1035.18,2,294.13,4,1,1,0,standard
C0585,42,45,1038.87,0,138.19,1,6,0,0,standard
C0586,70,69,1005.65,1,61.89,3,2,0,0,standard
C0587,57,48,989.7,2,46.65,4,0,0,0,standard
C0588,25,42,829.48,1,272.38,5,2,0,0,standard
C0589,66,116,1073.25,1,184.84,4,1,0,0,family
C0590,66,45,889.98,1,70.6,1,4,0,0,standard
C0591,64,14,792.84,0,329.12,4,0,0,0,premium
C0592,69,49,831.38,0,325.98,1,1,0,0,premium
C0593,33,66,1344.54,0,182.33,2,1,0,1,standard
C0594,73,16,518.31,1,513.76,5,5,0,0,standard
C0595,37,40,1009.95,0,37.81,5,4,0,0,standard
C0596,64,24,530.6,2,142.51,5,2,0,0,standard
C0597,51,63,876.19,1,293.02,2,0,0,0,standard
C0598,62,88,804.6,1,78.59,4,0,1,0,standard
C0599,54,116,441.29,1,351.8,4,1,0,0,family
C0600,55,50,985.59,0,424.1,2,3,0,0,premium
C0601,53,104,816.39,2,10.4,5,0,0,0,standard
C0602,62,30,438.17,0,525.27,5,1,0,0,family
C0603,60,94,1084.7,0,280.63,1,1,0,0,standard
C0604,27,70,1215.7,0,129.16,4,6,0,0,standard
C0605,65,92,1227.83,0,51.02,3,3,0,0,standard
C0606,49,92,978.97,0,384.44,4,1,1,0,family
C0607,37,66,910.13,1,67.1,3,1,0,0,standard
C0608,48,35,1192.19,1,280.27,2,1,1,0,premium
C0609,73,65,1270.12,0,69.83,1,0,0,0,premium
C0610,67,100,1149.39,1,196.24,3,2,0,0,standard
C0611,65,116,692.86,1,372.84,5,3,0,1,standard
C0612,45,111,944.3,2,130.6,5,2,1,0,standard
C0613,63,26,996.69,2,522.9,2,5,0,0,premium
C0614,41,74,501.88,3,297.83,5,1,0,0,standard
C0615,57,17,1003.26,0,78.83,2,1,0,0,standard
C0616,55,82,1400.06,2,55.32,3,6,0,0,standard
C0617,33,119,1040.79,0,100.05,2,1,0,1,premium
C0618,34,11,1224.15,0,189.13,3,2,0,0,premium
C0619,23,80,940.24,1,556.12,3,1,0,1,standard
C0620,27,113,883.89,0,626.73,4,2,0,0,standard
C0621,43,102,983.88,0,126.46,3,2,0,0,standard
C0622,46,50,720.52,1,123.15,3,0,0,0,standard
C0623,29,17,687.97,0,333.57,4,5,0,1,standard
C0624,42,111,1178.59,1,331.67,3,3,0,0,premium
C0625,53,111,1201.92,2,468.13,3,1,1,0,standard
C0626,32,72,681.96,1,476.55,1,2,0,0,standard
C0627,38,117,1112.96,0,93.91,5,3,0,0,standard
C0628,40,6,880.87,0,44.47,1,5,0,1,standard
C0629,47,76,974.76,0,300.95,5,4,0,0,premium
C0630,40,10,1001.25,0,230.83,4,1,0,1,premium
C0631,60,112,1118.76,1,22.77,5,2,0,0,standard
C0632,38,83,918.2,0,43.31,1,0,0,0,standard
C0633,43,110,1210.24,1,290.67,2,2,0,0,premium
C0634,40,70,968.07,0,176.37,1,1,0,0,premium
C0635,30,15,1037.32,0,295.42,3,3,0,0,family
C0636,57,9,716.68,0,73.83,5,1,1,1,family
C0637,32,44,1374.9,0,310.81,4,1,0,1,family
C0638,36,90,1003.36,2,252.35,4,1,1,1,family
C0639,63,23,1056.86,0,327.14,5,1,0,0,family
C0640,72,103,546.2,2,134.15,1,2,0,0,premium
C0641,56,33,719.01,0,110.99,4,2,0,1,premium
C0642,70,62,1172.33,1,50.93,2,5,0,0,premium
C0643,66,29,963.12,0,153.27,4,2,0,0,standard
C0644,46,59,478.97,0,411.82,4,3,0,0,standard
C0645,62,57,1128.42,0,490.89,4,1,0,1,family
C0646,38,6,780.37,0,67.68,3,2,0,0,standard
C0647,45,70,1210.49,1,189.02,4,4,0,0,standard
C0648,49,95,880.68,1,561.67,3,1,0,0,standard
C0649,72,112,945.04,0,612.71,4,1,0,0,standard
C0650,66,43,1159.37,1,148.23,3,1,0,0,standard
C0651,46,106,702.55,0,436.9,2,2,1,0,standard
C0652,55,106,681.57,0,387.24,2,2,0,0,standard
C0653,31,118,856.77,3,365.61,2,1,0,0,standard
C0654,64,48,1081.98,1,36.74,4,2,0,0,standard
C0655,50,103,607.21,0,120.1,5,2,0,0,standard
C0656,49,70,533.03,1,173.38,1,2,0,1,standard
C0657,62,12,1081.22,0,169.45,1,2,0,0,standard
C0658,54,36,767.34,1,187.44,3,3,0,0,premium
C0659,23,82,813.71,0,657.4,4,0,0,0,standard
C0660,35,24,491.5,0,152.41,1,2,0,1,family
C0661,29,55,750.62,2,261.02,2,2,0,0,premium
C0662,60,94,898.34,4,254.27,1,4,0,0,standard
C0663,21,23,1104.68,2,189.27,1,3,0,0,standard
C0664,31,62,730.33,0,71.98,1,2,0,0,standard
C0665,52,30,1264.62,2,209.32,4,1,0,0,standard
C0666,58,67,749.4,1,22.21,5,3,0,1,family
C0667,47,33,749.72,0,280.3,3,1,0,0,premium
C0668,67,116,1238.22,0,17.49,1,1,0,1,premium
C0669,70,14,946.52,2,262.33,5,2,0,0,premium
C0670,27,115,778.55,1,114.7,2,1,0,0,family
C0671,72,96,865.87,1,81.91,1,0,0,0,family
C0672,53,103,1197.68,2,337.22,1,1,0,0,standard
C0673,54,103,1222.56,1,138.27,2,1,0,0,standard
C0674,25,27,720.31,0,201.12,4,2,0,0,standard
C0675,54,112,890.66,0,38.24,2,1,0,0,standard
C0676,59,73,919.83,1,515.5,3,2,0,0,standard
C0677,51,115,683.03,1,216.43,2,0,0,1,standard
C0678,24,106,887.75,0,216.02,5,3,0,0,premium
C0679,48,72,901.17,2,284.73,4,0,0,0,standard
C0680,71,48,1150.85,0,8.27,4,3,0,0,premium
C0681,59,19,1165.63,0,550.52,3,5,1,0,standard
C0682,27,17,827.57,1,147.88,3,2,0,1,standard
C0683,72,50,852.93,0,528.73,5,2,0,0,family
C0684,72,98,1046.14,1,143.63,4,2,0,0,standard
C0685,29,63,771.26,0,117.67,5,3,0,0,premium
C0686,64,60,1029.5,0,270.83,1,1,0,0,family
C0687,42,33,880.66,1,745.32,5,3,1,0,standard
C0688,52,70,686.73,0,436.59,5,0,1,0,standard
C0689,44,78,689.5,0,292.89,4,3,0,0,standard
C0690,63,117,1218.35,2,267.73,5,1,0,0,standard
C0691,74,89,865.59,0,207.83,3,3,0,0,family
C0692,63,75,1260.88,0,512.81,2,2,1,0,family
C0693,71,109,787.0,2,343.3,4,2,0,1,standard
C0694,72,54,964.07,0,49.77,4,2,0,0,premium
C0695,24,112,1426.39,2,82.39,1,3,0,0,family
C0696,33,48,667.37,0,300.19,2,1,0,0,standard
C0697,59,20,482.48,0,69.23,2,0,0,1,standard
C0698,52,53,1183.05,2,215.49,3,1,0,1,family
C0699,22,20,718.1,1,363.63,1,1,0,0,premium
C0700,25,19,895.44,0,272.25,4,0,0,1,standard
C0701,48,106,771.1,0,58.88,1,1,0,0,standard
C0702,53,96,959.0,2,86.84,5,1,0,0,standard
C0703,29,31,690.88,0,278.52,4,3,0,1,premium
C0704,29,101,860.41,2,692.03,2,3,0,0,premium
C0705,27,13,998.96,0,182.06,2,1,0,0,standard
C0706,51,38,678.17,3,372.47,4,1,0,0,premium
C0707,20,86,745.98,3,274.0,1,1,0,1,standard
C0708,51,40,823.58,0,113.64,4,0,0,0,premium
C0709,46,89,585.66,2,375.45,3,0,0,0,premium
C0710,45,105,807.04,0,36.89,2,1,0,0,standard
C0711,57,13,926.14,3,356.54,5,1,0,0,standard
C0712,48,8,812.1,2,286.31,4,4,0,0,standard
C0713,60,113,840.3,0,123.34,1,3,0,0,premium
C0714,62,65,895.62,1,75.48,4,1,0,0,premium
C0715,70,63,755.74,1,132.99,3,1,0,0,standard
C0716,63,58,1052.03,1,106.1,4,0,0,1,family
C0717,48,55,1215.92,1,159.27,3,5,0,0,family
C0718,47,84,797.84,1,144.94,5,2,0,0,standard
C0719,32,72,1006.74,2,123.28,5,3,0,0,standard
C0720,52,24,847.28,0,35.11,1,0,1,0,standard
C0721,27,77,980.41,1,65.23,3,0,0,0,standard
C0722,71,82,1244.47,0,417.34,2,3,0,0,family
C0723,66,18,1011.91,2,126.43,3,1,0,0,premium
C0724,26,48,509.85,0,161.79,1,2,0,0,standard
C0725,63,96,999.88,2,138.45,3,2,0,0,standard
C0726,26,76,1171.23,1,520.76,1,2,0,0,standard
C0727,59,21,851.25,0,103.84,4,0,0,0,standard
C0728,24,10,1119.04,1,97.24,3,1,0,1,standard
C0729,46,72,748.17,1,290.93,5,2,0,0,family
C0730,56,58,573.18,0,228.38,5,2,0,0,premium
C0731,60,115,931.06,0,296.8,4,1,0,0,family
C0732,43,65,513.58,1,283.46,3,3,0,0,standard
C0733,70,112,847.25,0,382.23,4,1,0,0,standard
C0734,62,30,1183.11,0,57.25,4,1,0,0,family
C0735,31,56,479.85,0,271.17,1,0,0,0,standard
C0736,56,21,618.51,1,97.82,2,1,0,0,standard
C0737,60,71,672.95,1,23.68,5,1,0,0,family
C0738,38,27,886.07,0,282.06,2,1,0,0,premium
C0739,60,62,819.54,1,270.34,1,3,0,0,family
C0740,69,45,1207.81,0,194.96,5,2,0,0,standard
C0741,64,27,1109.96,1,386.9,5,2,0,0,premium
C0742,61,17,1008.96,0,98.54,4,3,0,1,standard
C0743,54,64,932.04,0,315.79,4,2,0,0,standard
C0744,34,113,986.51,1,173.66,2,2,0,0,standard
C0745,63,28,710.36,0,184.41,2,1,0,0,family
C0746,40,52,1088.59,5,28.42,5,0,0,1,standard
C0747,49,31,655.35,0,389.63,5,4,0,0,premium
C0748,37,98,1083.78,1,262.77,3,4,0,0,family
C0749,37,53,1160.95,1,307.25,2,1,1,0,premium
C0750,28,117,946.39,0,86.55,1,2,0,0,standard
C0751,72,33,861.23,1,240.89,1,2,0,0,premium
C0752,28,15,988.07,1,173.37,3,6,0,0,standard
C0753,24,72,270.47,0,272.89,3,3,0,0,standard
C0754,71,80,966.5,4,232.75,4,0,1,0,standard
C0755,50,118,875.06,1,589.25,5,3,0,0,premium
C0756,44,105,888.86,1,471.45,2,0,0,1,premium
C0757,60,106,1055.44,0,157.95,1,2,1,0,family
C0758,41,78,883.55,2,281.82,5,0,1,1,standard
C0759,27,47,649.15,2,147.46,4,2,1,0,standard
C0760,60,54,868.89,1,379.79,3,0,0,0,standard
C0761,29,21,914.86,0,179.19,1,2,0,0,family
C0762,50,55,925.29,1,131.22,3,1,0,0,family
C0763,72,47,935.62,0,238.43,4,3,0,0,family
C0764,71,10,1128.66,1,447.02,5,3,0,0,standard
C0765,39,29,661.07,2,400.19,3,4,0,0,standard
C0766,62,66,938.65,1,137.63,3,2,0,0,premium
C0767,53,48,1183.78,1,555.2,2,2,0,0,standard
C0768,46,119,518.39,1,91.4,3,2,0,0,standard
C0769,27,60,939.52,1,118.17,1,1,0,1,standard
C0770,40,115,771.22,0,368.81,1,0,0,0,standard
C0771,55,81,818.44,1,23.9,4,1,0,0,standard
C0772,74,10,700.94,1,201.55,2,2,0,0,family
C0773,20,29,862.7,0,157.41,5,1,0,0,premium
C0774,59,86,1305.08,0,576.82,2,3,0,1,premium
C0775,66,68,621.83,0,76.78,5,4,0,0,standard
C0776,72,40,642.69,3,85.06,1,4,0,1,premium
C0777,43,65,613.57,1,629.69,1,2,0,1,standard
C0778,26,108,1280.03,0,158.88,3,2,0,0,standard
C0779,34,50,798.29,1,435.3,5,0,0,0,standard
C0780,66,11,894.36,0,138.95,1,4,0,0,standard
C0781,68,41,811.39,1,114.07,3,1,0,0,family
C0782,55,112,692.23,1,449.99,2,1,0,1,family
C0783,26,92,848.27,0,731.22,4,3,0,0,standard
C0784,26,101,1440.81,0,473.42,3,2,0,1,premium
C0785,46,109,1206.26,0,131.68,4,2,0,0,standard
C0786,52,19,712.35,1,194.85,2,3,0,0,standard
C0787,21,38,1042.47,2,88.64,2,1,0,0,premium
C0788,57,12,717.06,0,102.79,4,1,0,0,premium
C0789,49,6,509.2,0,98.22,2,1,0,0,premium
C0790,20,101,1124.29,2,141.72,4,5,0,0,standard
C0791,25,112,1155.22,1,219.29,1,1,0,0,standard
C0792,44,23,1130.13,0,201.0,2,2,0,1,standard
C0793,59,88,796.63,0,332.79,1,2,0,0,standard
C0794,65,66,863.31,1,227.96,1,1,0,0,standard
C0795,43,13,1064.95,0,310.93,2,1,0,0,standard
C0796,36,110,986.13,0,346.1,3,3,0,0,standard
C0797,73,105,813.4,1,133.64,1,1,0,0,standard
C0798,45,70,543.8,0,176.34,1,2,0,0,premium
C0799,37,86,925.05,1,1235.54,5,1,0,0,standard
C0800,44,51,1137.38,0,124.58,3,0,0,0,standard
C0801,20,96,636.53,1,323.5,4,4,0,0,family
C0802,36,56,1040.53,0,61.36,4,0,0,0,family
C0803,48,118,972.94,2,353.04,1,2,0,0,standard
C0804,70,13,1065.03,2,107.82,4,3,0,0,standard
C0805,60,25,1091.83,2,206.53,5,0,0,0,standard
C0806,62,116,747.22,1,51.35,3,2,0,0,family
C0807,49,38,544.27,0,191.01,5,2,0,0,standard
C0808,26,41,782.63,2,194.06,5,1,1,0,standard
C0809,41,96,1095.61,1,171.18,3,0,0,0,premium
C0810,74,27,780.76,0,274.79,1,4,0,1,premium
C0811,22,64,747.31,2,424.33,4,2,0,0,standard
C0812,68,38,499.3,1,84.69,5,2,0,0,standard
C0813,57,28,1285.58,0,174.5,3,2,0,0,standard
C0814,35,115,1081.66,0,31.67,5,0,0,0,standard
C0815,62,28,1069.38,0,225.78,3,2,0,0,standard
C0816,66,16,1112.9,2,78.71,3,1,0,0,family
C0817,22,82,1026.88,0,199.55,5,1,0,0,premium
C0818,25,104,846.25,1,232.58,1,0,0,0,premium
C0819,56,20,863.97,1,38.57,3,2,0,0,premium
C0820,74,86,805.94,0,259.18,1,2,0,0,standard
C0821,21,67,1479.64,0,410.5,4,2,0,0,standard
C0822,56,100,1022.3,1,302.89,5,1,0,0,premium
C0823,27,20,797.96,1,86.59,5,3,0,1,standard
C0824,55,117,1002.41,0,189.95,2,2,0,0,standard
C0825,54,76,677.61,1,206.58,4,1,0,1,standard
C0826,24,102,1230.99,0,177.12,5,0,0,0,premium
C0827,57,47,754.56,2,58.3,5,0,1,1,premium
C0828,69,113,1010.24,0,99.64,3,1,0,1,standard
C0829,67,77,1134.52,4,164.98,1,1,0,0,standard
C0830,21,20,984.65,0,230.16,3,2,0,0,family
C0831,33,111,920.78,0,123.9,4,0,0,0,standard
C0832,33,96,902.38,3,27.5,4,1,0,0,standard
C0833,44,40,887.58,0,130.44,2,2,0,0,premium
C0834,27,68,773.13,1,588.66,2,1,0,0,premium
C0835,66,50,801.11,1,260.48,4,2,0,0,standard
C0836,62,67,1225.51,1,225.28,3,2,0,0,standard
C0837,64,116,876.12,1,98.28,3,2,0,1,family
C0838,30,108,727.12,1,135.53,5,2,0,1,standard
C0839,20,30,786.41,1,25.02,1,0,0,0,family
C0840,70,116,1142.08,1,92.38,2,1,1,0,premium
C0841,35,55,1048.63,3,251.0,5,3,1,0,family
C0842,56,86,1023.27,0,226.54,5,1,0,0,standard
C0843,70,93,843.35,1,114.12,2,1,0,1,standard
C0844,21,61,1026.14,1,177.0,5,3,0,1,standard
C0845,20,58,758.42,1,201.1,2,1,0,0,standard
C0846,20,58,842.88,2,119.46,1,4,0,0,standard
C0847,28,104,1113.36,1,271.47,2,2,0,0,standard
C0848,22,50,1092.34,1,223.46,3,5,0,0,standard
C0849,65,37,683.98,1,139.68,1,0,0,0,premium
C0850,53,47,711.78,1,62.35,1,1,0,0,standard
C0851,73,28,923.91,0,131.45,4,2,0,0,standard
C0852,64,50,1279.75,2,124.2,4,0,0,0,standard
C0853,72,19,478.58,0,113.91,4,1,0,0,premium
C0854,33,16,961.23,0,40.43,5,1,0,0,standard
C0855,35,88,597.27,1,486.7,2,2,0,0,premium
C0856,66,14,760.45,1,470.76,5,1,0,0,standard
C0857,33,70,819.83,0,172.06,2,0,0,0,premium
C0858,23,94,807.49,1,229.35,5,1,0,0,premium
C0859,56,88,782.56,1,268.08,4,0,0,1,standard
C0860,64,56,901.59,1,174.21,2,0,1,0,premium
C0861,73,28,782.24,2,241.5,2,2,0,1,family
C0862,71,112,578.26,1,295.84,3,3,0,0,standard
C0863,26,101,1071.57,1,217.32,3,4,0,0,standard
C0864,62,75,1065.63,1,333.27,2,2,0,0,family
C0865,66,15,1085.5,1,110.63,2,0,0,0,family
C0866,58,10,561.04,1,189.8,5,1,0,0,premium
C0867,65,41,965.76,0,968.2,4,3,0,0,standard
C0868,66,23,1048.72,0,388.27,1,3,0,0,standard
C0869,44,104,673.14,2,221.02,4,0,0,0,family
C0870,22,29,902.02,1,84.89,1,1,0,0,premium
C0871,45,38,874.42,0,197.3,3,1,0,0,standard
C0872,31,117,1305.27,1,370.6,1,1,1,0,standard
C0873,26,99,1323.39,0,319.39,4,1,0,1,premium
C0874,26,30,533.84,1,30.37,1,3,0,0,premium
C0875,58,49,1448.66,3,42.13,2,1,0,0,family
C0876,47,64,698.65,1,44.29,1,3,1,1,standard
C0877,49,81,1115.75,1,271.16,1,2,0,0,standard
C0878,60,112,1113.51,1,44.94,1,1,0,0,standard
C0879,50,105,680.95,2,81.5,3,2,0,0,standard
C0880,54,117,1008.52,1,169.31,5,0,1,0,standard
C0881,24,10,876.34,0,413.49,2,2,0,0,standard
C0882,66,32,1021.95,1,280.52,4,0,0,0,standard
C0883,44,70,950.75,0,153.65,3,1,0,0,standard
C0884,28,11,1163.19,0,339.91,2,2,0,0,family
C0885,64,46,916.59,0,703.85,1,1,0,0,standard
C0886,60,23,863.07,2,198.65,4,0,0,0,standard
C0887,22,112,1141.13,0,58.77,1,1,0,0,premium
C0888,30,13,1027.69,2,84.18,3,2,0,0,standard
C0889,20,22,1061.0,0,83.44,1,2,0,0,standard
C0890,34,28,753.79,0,101.57,4,3,0,1,family
C0891,25,22,670.04,2,145.09,5,1,0,0,premium
C0892,59,70,775.1,1,235.17,2,0,0,0,standard
C0893,48,47,763.42,0,50.01,2,3,0,0,family
C0894,73,110,1072.96,2,60.13,3,1,0,0,family
C0895,61,35,1114.72,2,293.97,3,2,1,0,family
C0896,53,67,865.87,2,124.69,2,4,0,0,standard
C0897,48,81,1214.8,2,91.76,2,3,0,0,premium
C0898,22,77,1201.06,0,158.68,1,2,1,0,standard
C0899,23,96,953.55,2,462.97,2,3,0,0,standard
C0900,53,29,719.18,0,323.08,3,1,0,0,standard
C0901,20,63,1246.58,1,307.64,4,2,1,0,family
C0902,22,97,886.58,0,573.79,4,3,1,0,standard
C0903,32,104,927.76,4,243.46,3,1,0,0,family
C0904,68,76,825.29,1,608.89,4,1,1,0,family
C0905,45,80,704.25,0,641.34,3,0,0,0,standard
C0906,59,104,576.9,3,51.68,2,1,0,0,standard
C0907,42,77,1039.23,2,37.78,2,2,0,0,family
C0908,29,114,727.65,1,78.42,3,4,0,0,standard
C0909,40,20,1573.1,2,432.19,2,1,0,1,premium
C0910,25,45,661.06,2,161.27,4,0,0,0,standard
C0911,62,18,623.38,0,145.67,1,3,0,0,standard
C0912,30,16,1012.23,3,346.34,1,0,0,0,standard
C0913,40,59,1236.45,0,119.42,3,1,0,0,standard
C0914,73,31,914.21,2,220.83,1,4,0,0,family
C0915,52,52,1025.89,1,293.87,1,0,0,0,standard
C0916,45,55,494.42,1,85.24,2,2,0,0,standard
C0917,49,76,750.95,0,68.09,1,0,0,0,premium
C0918,63,113,663.8,0,197.8,2,1,0,0,family
C0919,33,102,483.09,3,217.45,3,1,1,0,standard
C0920,55,49,925.74,1,327.79,2,2,1,0,premium
C0921,67,43,406.58,1,76.57,5,1,0,0,standard
C0922,51,93,609.12,3,104.35,1,5,0,0,family
C0923,44,20,781.82,1,637.13,4,1,0,0,premium
C0924,27,67,717.12,0,382.26,3,3,0,0,family
C0925,33,54,987.21,1,173.44,4,2,0,1,premium
C0926,72,26,967.23,1,425.07,4,2,0,0,family
C0927,49,76,1096.64,3,76.85,1,2,0,0,standard
C0928,36,42,1065.52,0,157.98,4,3,0,0,premium
C0929,43,27,1150.98,4,216.06,2,2,0,0,premium
C0930,51,80,899.58,2,143.86,4,1,0,0,standard
C0931,49,25,966.76,0,148.03,2,2,0,0,family
C0932,58,82,1012.53,2,316.25,2,1,0,1,premium
C0933,34,24,931.16,2,385.97,4,1,0,0,family
C0934,55,55,812.62,1,131.61,5,1,0,0,standard
C0935,44,98,826.86,2,54.67,5,0,0,0,family
C0936,71,32,720.14,3,43.59,4,0,0,0,standard
C0937,28,93,992.76,1,21.95,3,1,0,0,family
C0938,28,88,879.32,0,567.36,3,3,0,0,standard
C0939,45,108,754.1,2,317.19,5,2,0,0,premium
C0940,47,25,754.31,1,269.35,2,1,0,0,standard
C0941,57,87,633.71,0,117.68,5,1,0,0,premium
C0942,42,112,1115.35,0,117.1,4,0,0,0,standard
C0943,70,92,917.3,1,394.76,4,0,0,1,family
C0944,46,27,710.18,2,37.98,3,1,1,0,family
C0945,27,99,1077.88,0,136.38,5,3,0,0,standard
C0946,26,18,776.7,0,434.49,4,0,0,0,family
C0947,73,73,590.57,1,136.18,1,2,0,0,premium
C0948,27,62,1124.67,2,305.74,4,2,0,0,standard
C0949,72,66,781.84,0,178.95,4,1,0,0,standard
C0950,35,65,810.04,0,6.75,5,4,0,0,standard
C0951,25,9,909.06,1,173.06,5,3,1,0,standard
C0952,36,63,1151.37,0,200.85,5,1,1,0,standard
C0953,53,112,904.41,2,162.62,1,3,0,0,standard
C0954,43,55,636.19,0,64.95,4,1,0,1,standard
C0955,63,37,1019.65,0,164.08,5,1,0,0,family
C0956,53,119,793.3,0,23.84,5,1,0,0,standard
C0957,42,17,1315.34,0,135.01,3,2,0,1,family
C0958,54,61,899.75,1,323.38,5,3,0,0,family
C0959,73,64,408.29,2,546.44,5,1,0,0,premium
C0960,42,60,978.62,0,486.32,1,2,0,0,standard
C0961,28,111,1327.81,3,74.94,5,2,0,0,standard
C0962,42,54,1246.7,0,45.73,4,1,0,0,family
C0963,66,116,1302.81,0,216.11,3,3,0,0,premium
C0964,31,13,675.65,2,190.93,1,1,0,0,family
C0965,72,89,1100.67,1,289.72,5,1,0,0,standard
C0966,52,73,741.16,1,109.33,2,2,0,0,premium
C0967,53,33,949.34,2,195.5,3,3,0,0,standard
C0968,37,31,619.95,0,187.45,2,4,0,1,premium
C0969,70,88,758.22,2,138.92,5,0,0,0,premium
C0970,21,78,751.23,0,34.96,3,1,0,0,standard
C0971,36,75,1097.68,1,320.0,1,5,0,0,standard
C0972,43,11,1076.16,0,217.24,1,2,0,0,standard
C0973,46,74,960.9,0,336.02,5,2,0,0,standard
C0974,46,117,602.91,0,394.52,2,2,0,0,standard
C0975,28,7,831.44,1,174.85,4,1,0,0,standard
C0976,32,59,735.85,0,321.45,1,2,0,1,standard
C0977,25,62,1091.33,1,555.14,5,1,0,0,premium
C0978,51,108,1159.2,0,678.14,4,0,0,0,premium
C0979,39,38,1132.4,0,237.58,2,2,0,0,standard
C0980,51,60,733.85,2,251.63,5,1,0,0,standard
C0981,52,87,297.3,0,234.59,2,2,0,0,premium
C0982,58,12,511.27,0,282.34,5,2,0,0,standard
C0983,50,97,1212.76,0,382.64,3,0,0,0,standard
C0984,55,99,811.72,1,230.9,3,0,0,0,standard
C0985,52,88,734.84,2,652.1,1,2,1,0,family
C0986,55,79,1261.39,1,591.04,2,1,0,0,standard
C0987,53,91,1178.34,1,200.44,1,1,1,0,family
C0988,37,95,905.38,2,199.51,5,2,0,0,standard
C0989,33,108,835.45,1,130.33,1,1,1,1,standard
C0990,63,54,870.94,0,293.53,1,1,1,0,standard
C0991,38,57,949.98,1,149.22,1,2,0,0,premium
C0992,50,78,1252.01,2,125.24,5,3,0,0,standard
C0993,30,28,992.94,0,288.89,5,1,0,0,premium
C0994,43,103,1059.73,0,71.01,4,2,0,1,family
C0995,49,93,1157.24,1,387.31,1,1,0,0,standard
C0996,54,77,642.67,1,297.37,3,2,0,1,standard
C0997,48,40,1066.07,0,570.34,5,2,0,1,premium
C0998,39,45,835.19,2,240.81,1,1,0,1,standard
C0999,72,55,346.46,1,331.13,4,4,0,0,premium
C1000,48,81,431.8,1,362.35,1,1,0,0,family
C1001,64,94,676.01,1,460.11,5,0,0,0,standard
C1002,60,82,1016.87,1,221.11,3,1,0,0,standard
C1003,50,112,925.04,3,129.48,5,0,0,0,premium
C1004,68,115,940.56,1,245.02,3,1,0,0,standard
C1005,27,86,1329.21,0,387.0,4,3,0,1,standard
C1006,70,48,620.8,0,423.24,5,3,0,0,standard
C1007,66,74,893.96,0,35.35,2,0,0,0,standard
C1008,47,54,966.98,1,1069.06,4,1,0,0,standard
C1009,60,77,738.02,0,125.82,3,6,0,0,premium
C1010,48,98,906.23,2,335.22,3,0,1,0,standard
C1011,34,48,548.01,1,496.06,4,3,0,0,standard
C1012,63,63,1210.18,1,186.28,2,2,1,0,family
C1013,33,11,750.04,0,434.87,1,2,0,0,standard
C1014,37,89,1346.91,0,34.98,3,0,0,0,standard
C1015,48,61,892.86,1,445.97,5,1,1,0,family
C1016,66,58,1126.17,1,408.84,1,3,0,0,standard
C1017,41,66,888.27,1,268.24,2,0,0,0,family
C1018,47,30,893.24,0,387.86,4,1,0,1,premium
C1019,22,74,771.51,1,601.94,3,2,0,1,standard
C1020,26,90,926.21,1,506.78,4,2,0,1,standard
C1021,23,45,969.96,1,195.01,3,0,0,1,standard
C1022,23,20,727.46,0,243.27,5,5,0,0,family
C1023,67,50,872.49,0,169.63,5,1,1,0,standard
C1024,66,28,765.78,1,152.45,3,4,0,0,premium
C1025,65,48,1405.93,1,360.84,3,0,0,0,family
C1026,23,77,880.26,1,168.14,2,2,0,0,premium
C1027,24,18,1239.95,2,360.26,3,0,0,0,standard
C1028,35,91,856.96,0,186.11,5,2,0,1,premium
C1029,51,31,957.04,3,208.17,3,2,0,0,premium
C1030,38,107,609.3,1,97.79,4,0,0,0,standard
C1031,46,89,801.64,0,353.63,3,4,0,0,family
C1032,29,37,946.32,1,32.54,4,3,0,0,standard
C1033,60,70,1248.92,2,457.62,4,4,0,1,family
C1034,37,18,948.84,1,824.05,3,1,0,0,standard
C1035,23,17,1204.42,0,213.78,5,3,0,0,standard
C1036,60,114,1040.96,0,206.52,5,1,0,0,premium
C1037,69,97,1258.03,2,46.62,1,2,0,0,standard
C1038,20,23,887.01,3,132.66,2,2,0,0,standard
C1039,44,38,1425.85,0,390.82,5,0,0,0,standard
C1040,65,28,793.21,3,430.18,3,3,1,0,family
C1041,58,51,731.38,1,235.0,2,0,0,0,standard
C1042,67,39,633.79,1,374.74,4,3,0,1,premium
C1043,42,43,1412.83,0,99.59,4,1,0,0,premium
C1044,40,66,1080.28,1,277.16,1,0,0,0,standard
C1045,59,27,826.49,4,539.71,1,2,0,0,standard
C1046,28,106,1174.78,0,317.43,5,3,0,0,standard
C1047,33,88,1051.29,1,595.67,4,1,1,0,family
C1048,53,92,1332.55,0,608.0,2,4,0,0,premium
C1049,56,25,559.48,0,290.4,5,1,0,0,family
C1050,26,86,841.62,5,1.7,1,2,0,0,premium
C1051,47,101,798.25,3,423.95,5,3,0,1,family
C1052,40,25,465.79,0,64.3,1,2,0,0,family
C1053,47,91,1133.27,1,8.22,4,1,1,0,standard
C1054,72,46,840.51,0,27.12,5,2,0,0,family
C1055,24,95,1062.72,1,444.88,4,4,0,1,standard
C1056,74,60,1419.15,0,292.11,4,2,0,0,standard
C1057,44,97,822.29,3,239.87,2,1,1,0,standard
C1058,62,22,807.35,0,312.77,2,3,0,0,standard
C1059,43,50,926.11,1,29.36,2,4,0,0,standard
C1060,37,37,1117.19,0,169.03,1,0,0,0,standard
C1061,62,34,775.32,3,115.31,2,1,0,0,standard
C1062,57,41,761.19,0,225.93,2,3,0,1,family
C1063,27,49,1132.58,0,232.14,4,2,1,0,standard
C1064,58,20,983.3,0,303.17,2,0,0,0,standard
C1065,61,86,450.16,1,337.06,1,2,0,1,premium
C1066,41,68,630.41,2,31.26,4,2,0,0,premium
C1067,70,100,1230.27,0,170.91,3,3,0,0,family
C1068,55,86,988.42,0,203.12,2,0,0,0,standard
C1069,38,22,732.32,0,62.44,4,3,0,0,standard
C1070,20,13,862.51,3,55.88,2,0,0,0,family
C1071,57,54,902.91,0,47.83,4,1,1,0,standard
C1072,31,60,1061.86,0,373.14,1,5,0,0,premium
C1073,61,33,601.18,0,38.04,3,0,0,0,standard
C1074,48,95,714.99,0,45.92,3,2,0,0,standard
C1075,45,72,960.05,2,218.79,2,2,0,0,family
C1076,29,91,878.04,0,276.32,4,1,0,0,standard
C1077,59,18,1025.81,0,198.16,2,5,0,0,standard
C1078,29,98,629.51,1,75.57,4,4,0,0,premium
C1079,42,29,978.57,0,57.19,2,2,0,0,standard
C1080,65,57,1140.15,0,214.1,3,1,0,0,standard
C1081,70,56,1007.1,2,181.24,4,2,0,0,standard
C1082,74,99,930.6,0,145.74,5,1,0,0,standard
C1083,72,37,878.91,0,361.52,2,7,0,0,premium
C1084,50,33,716.33,1,171.8,3,1,0,1,standard
C1085,31,44,884.16,0,52.0,3,4,0,0,standard
C1086,66,47,1177.14,1,146.47,5,1,0,0,standard
C1087,64,26,873.81,0,299.69,5,2,1,0,family
C1088,74,26,704.24,1,163.42,4,3,0,0,standard
C1089,55,32,791.71,0,295.81,5,0,0,0,family
C1090,27,59,944.19,0,339.51,1,0,0,0,standard
C1091,47,45,817.83,1,172.28,4,1,0,0,standard
C1092,44,50,1006.77,0,197.42,5,4,0,0,premium
C1093,66,87,1015.03,1,154.99,4,1,0,1,standard
C1094,41,33,1095.58,1,300.62,3,1,0,0,premium
C1095,38,109,1213.18,0,151.01,5,2,0,0,family
C1096,24,91,1119.09,1,279.36,4,2,0,1,family
C1097,65,25,694.47,0,235.08,5,1,0,0,standard
C1098,61,41,701.22,1,26.89,1,0,0,0,premium
C1099,22,26,883.33,2,290.77,4,1,0,0,standard
C1100,43,37,800.74,2,218.74,3,1,0,1,premium
C1101,46,47,649.57,0,470.25,5,5,0,0,standard
C1102,45,20,802.83,1,65.5,5,0,0,0,standard
C1103,70,7,795.61,0,238.0,5,2,0,0,standard
C1104,28,56,752.19,0,133.53,2,2,0,0,standard
C1105,36,85,830.53,1,30.99,3,3,0,1,premium
C1106,29,40,1159.26,1,20.37,1,2,0,1,standard
C1107,33,104,943.83,0,536.41,5,1,0,0,standard
C1108,69,48,1443.8,1,238.59,2,1,1,0,premium
C1109,71,108,937.51,0,167.59,4,1,1,0,standard
C1110,22,32,836.19,0,42.44,3,2,0,0,family
C1111,54,67,900.91,1,514.82,5,1,0,0,standard
C1112,32,92,956.43,0,104.96,5,3,0,0,standard
C1113,30,12,995.76,0,247.15,4,1,0,0,standard
C1114,36,112,1356.88,0,212.16,4,4,0,1,standard
C1115,30,47,714.03,0,683.74,1,2,1,0,standard
C1116,46,62,1088.99,1,193.67,5,0,0,0,premium
C1117,74,77,945.71,0,126.42,1,2,1,1,standard
C1118,52,79,554.36,2,241.33,3,2,0,0,family
C1119,59,8,1069.55,0,261.31,2,3,0,0,standard
C1120,47,104,1178.88,0,1008.04,2,1,0,0,premium
C1121,20,77,711.42,1,191.09,5,1,0,0,standard
C1122,24,119,898.03,0,63.26,2,0,0,0,standard
C1123,34,59,520.42,1,145.78,3,1,0,0,standard
C1124,33,75,623.06,0,240.92,2,2,0,0,standard
C1125,66,56,1130.57,0,274.83,5,1,0,0,premium
C1126,66,107,797.39,1,38.02,4,1,0,0,standard
C1127,66,100,656.06,2,131.42,3,2,0,0,standard
C1128,55,109,950.48,3,657.04,1,3,0,0,family
C1129,50,63,785.07,0,86.85,1,2,0,0,standard
C1130,55,96,796.42,0,367.54,2,0,0,0,standard
C1131,42,46,1062.65,1,149.97,3,0,0,1,standard
C1132,56,58,644.42,1,200.07,5,3,0,0,standard
C1133,63,92,700.82,0,43.84,1,2,0,0,standard
C1134,61,15,933.9,2,162.31,3,1,1,0,premium
C1135,53,86,1113.27,0,238.68,2,1,1,0,premium
C1136,23,7,1172.4,2,193.0,1,0,0,0,premium
C1137,59,72,753.69,1,170.74,4,3,0,0,standard
C1138,40,60,1106.22,0,301.72,4,8,0,0,standard
C1139,60,59,727.49,2,57.0,5,2,0,0,premium
C1140,49,62,1301.77,0,247.18,3,1,0,1,standard
C1141,68,62,650.57,1,18.15,2,2,1,0,standard
C1142,38,52,1192.27,2,441.32,5,1,0,0,standard
C1143,71,57,755.57,0,175.44,2,2,1,1,premium
C1144,66,70,1342.91,1,350.28,4,2,0,0,standard
C1145,38,93,1030.09,2,4.59,5,1,0,0,family
C1146,46,68,676.48,0,315.68,1,5,0,0,standard
C1147,49,79,785.11,2,101.64,5,5,0,0,family
C1148,62,101,1071.86,1,201.12,2,1,0,0,standard
C1149,57,118,1131.58,1,319.32,3,2,0,1,premium
C1150,66,18,884.44,0,186.78,2,1,0,0,standard
C1151,40,87,909.82,1,292.4,1,2,1,0,family
C1152,47,31,1066.84,1,151.82,4,0,0,0,standard
C1153,43,28,929.0,0,465.53,3,2,1,0,family
C1154,70,96,615.43,2,175.05,3,2,0,1,premium
C1155,36,13,721.15,1,177.91,3,1,0,0,premium
C1156,52,102,951.73,0,180.57,4,0,0,0,standard
C1157,26,93,1167.41,0,196.8,5,1,0,0,standard
C1158,66,119,1255.52,1,59.97,3,4,0,1,family
C1159,41,82,1071.5,0,84.25,1,0,0,0,family
C1160,38,105,963.2,0,387.31,2,2,0,0,standard
C1161,52,19,1064.74,1,350.14,3,1,0,0,standard
C1162,47,107,753.31,1,334.44,1,0,0,0,standard
C1163,66,24,866.29,1,273.33,2,2,0,0,standard
C1164,49,41,718.69,0,128.79,2,0,0,1,standard
C1165,48,20,625.28,1,117.73,5,3,0,0,family
C1166,25,51,973.38,0,190.37,3,1,0,0,standard
C1167,21,91,940.81,1,429.75,5,1,0,0,family
C1168,41,36,1051.28,0,228.57,3,0,1,0,family
C1169,74,99,1020.14,1,80.33,3,6,0,0,standard
C1170,70,75,953.38,1,47.63,5,0,0,0,standard
C1171,54,77,1022.46,1,357.91,4,1,0,0,standard
C1172,54,113,890.61,1,524.32,2,5,0,0,standard
C1173,41,55,990.84,2,35.81,2,1,0,0,premium
C1174,29,45,740.25,0,366.35,4,3,0,0,premium
C1175,20,119,981.34,0,268.66,1,1,1,1,standard
C1176,38,69,1047.05,0,98.56,1,2,0,0,family
C1177,37,76,752.67,1,230.86,1,3,0,0,standard
C1178,30,39,911.4,2,68.29,4,0,0,1,standard
C1179,34,30,762.81,0,164.5,3,3,0,1,family
C1180,21,25,784.17,0,198.66,1,2,1,0,standard
C1181,53,31,652.52,1,462.48,4,0,0,0,standard
C1182,71,28,1178.47,0,158.08,4,1,0,0,standard
C1183,57,91,1134.45,3,108.56,4,0,0,0,standard
C1184,44,12,1018.24,1,253.89,1,1,0,0,standard
C1185,43,77,1333.88,1,298.08,5,2,0,0,premium
C1186,36,114,858.37,3,105.07,1,3,1,0,standard
C1187,27,93,1566.99,1,77.4,3,1,0,0,premium
C1188,52,51,849.94,1,83.85,3,1,0,0,standard
C1189,51,12,956.14,0,463.59,2,0,1,0,standard
C1190,20,101,812.49,1,288.74,2,0,1,0,family
C1191,42,6,981.91,1,149.72,1,0,0,0,premium
C1192,35,83,1083.84,1,411.55,3,2,0,0,premium
C1193,29,82,874.94,0,104.35,4,2,0,0,standard
C1194,58,27,1290.88,1,184.55,2,1,0,0,standard
C1195,48,90,952.61,1,67.18,3,4,0,1,family
C1196,54,26,959.51,0,399.26,5,4,0,1,family
C1197,59,31,700.02,1,96.98,2,0,0,0,premium
C1198,73,98,992.07,2,98.97,2,0,0,1,standard
C1199,64,117,870.51,1,258.09,1,3,0,0,standard
C1200,54,36,766.19,0,15.81,3,1,0,0,standard
C1201,68,111,729.18,0,53.25,2,4,0,0,standard
C1202,46,110,1487.79,2,326.87,5,1,0,0,standard
C1203,74,93,842.04,1,82.67,2,1,0,0,standard
C1204,61,21,579.46,5,832.72,4,1,1,0,standard
C1205,55,40,746.39,3,221.85,1,4,0,1,premium
C1206,69,83,888.66,1,32.89,2,1,0,1,premium
C1207,48,119,1020.27,1,542.2,1,2,1,1,premium
C1208,59,98,1022.06,0,221.67,3,0,0,0,standard
C1209,35,53,1048.86,1,167.91,1,3,0,1,standard
C1210,72,32,758.13,2,221.06,1,2,0,0,family
C1211,54,115,974.9,1,32.57,3,3,0,0,standard
C1212,63,37,707.27,2,189.34,3,3,0,0,family
C1213,45,45,763.68,1,88.27,2,1,0,0,standard
C1214,67,115,698.1,1,180.28,3,1,0,0,premium
C1215,24,70,638.55,1,131.73,3,2,0,0,standard
C1216,26,36,1134.13,0,212.46,4,2,0,1,premium
C1217,47,6,1051.49,0,149.61,3,4,0,0,family
C1218,60,55,1114.87,1,124.68,5,1,0,0,standard
C1219,64,118,908.65,1,79.42,2,1,0,0,premium
C1220,44,55,1070.9,2,34.38,1,2,1,0,family
C1221,55,85,512.52,0,26.23,3,2,0,0,premium
C1222,50,34,1089.88,2,55.21,1,0,0,0,standard
C1223,72,94,938.97,1,309.03,4,0,0,0,standard
C1224,55,94,1037.96,0,75.17,2,1,0,0,family
C1225,42,75,983.61,1,107.52,2,2,0,0,premium
C1226,73,93,682.85,0,108.43,3,2,0,0,family
C1227,25,71,570.43,4,133.52,1,2,0,0,standard
C1228,74,49,743.35,0,271.61,2,0,0,0,premium
C1229,28,90,1024.28,3,148.4,5,4,0,0,family
C1230,35,101,1051.82,3,351.31,4,1,0,0,family
C1231,65,101,599.05,1,55.89,3,0,0,0,premium
C1232,60,30,684.16,1,325.55,3,0,0,1,standard
C1233,73,83,740.89,2,499.17,3,2,0,0,premium
C1234,61,6,821.39,0,187.43,5,3,0,0,premium
C1235,55,71,600.35,1,69.93,5,3,0,0,standard
C1236,39,71,587.15,0,275.56,3,0,0,0,standard
C1237,20,47,719.2,1,190.05,5,1,0,0,family
C1238,26,119,918.98,1,240.95,1,1,0,1,standard
C1239,36,106,640.27,1,358.58,2,2,0,0,standard
C1240,22,10,874.52,1,139.04,2,0,0,0,premium
C1241,47,29,1132.88,2,121.12,4,2,0,0,family
C1242,62,29,613.61,0,941.58,4,1,0,0,premium
C1243,72,108,854.58,0,278.17,3,1,1,0,standard
C1244,46,65,1125.45,1,403.31,2,3,0,0,standard
C1245,68,89,807.98,1,343.99,3,6,0,0,standard
C1246,74,98,773.79,3,406.81,2,3,0,0,standard
C1247,67,93,1155.97,1,247.14,3,2,0,0,family
C1248,45,16,832.64,0,373.06,2,1,0,0,standard
C1249,37,21,1142.99,1,108.12,5,0,0,0,standard
C1250,73,51,994.37,0,33.34,4,3,0,0,family
C1251,33,44,824.57,1,84.84,1,0,0,0,standard
C1252,42,91,1005.53,0,168.74,5,1,1,0,standard
C1253,24,23,970.5,2,151.35,4,3,0,0,standard
C1254,63,48,1124.59,0,190.9,2,0,1,0,standard
C1255,55,32,779.36,2,102.54,3,2,0,1,standard
C1256,24,27,909.07,0,19.04,1,2,1,0,family
C1257,32,25,886.47,0,135.8,1,0,0,0,family
C1258,50,28,1054.91,1,48.71,3,1,0,0,premium
C1259,49,70,674.46,2,184.56,4,3,0,0,premium
C1260,64,52,1123.73,1,256.0,2,0,0,0,standard
C1261,34,55,1002.59,0,133.59,2,1,0,0,family
C1262,70,60,610.28,1,65.69,5,4,0,0,standard
C1263,44,90,1165.82,2,198.59,5,2,0,0,standard
C1264,65,104,1391.5,1,975.75,3,2,0,0,standard
C1265,33,66,1120.4,2,278.08,1,1,0,0,standard
C1266,22,79,1213.94,1,293.41,4,2,0,0,standard
C1267,23,90,918.78,1,122.04,4,1,0,0,standard
C1268,40,84,534.47,0,90.89,5,5,0,1,standard
C1269,72,21,494.29,0,407.45,5,1,0,0,standard
C1270,22,118,956.12,0,10.7,4,2,0,0,standard
C1271,40,24,769.76,1,99.7,1,1,0,0,premium
C1272,26,52,698.79,1,577.12,2,1,0,0,standard
C1273,71,80,886.2,0,175.75,4,1,0,0,premium
C1274,57,51,1035.43,2,38.6,4,4,0,1,standard
C1275,61,33,580.39,1,261.64,3,1,0,0,standard
C1276,59,111,801.25,2,134.32,3,1,0,0,premium
C1277,56,14,1232.17,3,29.05,4,2,1,0,premium
C1278,62,34,663.44,0,226.06,3,3,0,0,standard
C1279,20,119,1091.35,1,201.16,1,1,0,0,standard
C1280,67,89,793.36,2,192.24,5,1,0,0,family
C1281,60,15,1020.07,0,275.19,2,2,0,0,standard
C1282,60,92,1141.41,1,61.42,2,4,0,0,standard
C1283,41,116,1063.08,2,243.56,1,2,0,0,standard
C1284,64,17,1100.02,1,212.55,3,0,0,0,family
C1285,41,53,646.65,1,401.51,5,4,0,1,standard
C1286,22,59,1145.01,2,98.5,1,0,0,0,family
C1287,69,20,712.41,2,451.33,2,1,1,0,premium
C1288,32,28,957.1,3,339.75,1,0,1,1,premium
C1289,25,25,956.81,2,170.26,1,0,0,0,standard
C1290,54,27,1006.73,0,192.15,4,1,0,0,premium
C1291,32,52,974.13,0,12.23,2,2,0,0,standard
C1292,67,58,714.36,1,187.94,4,3,1,0,standard
C1293,44,33,603.03,0,323.16,3,1,1,1,standard
C1294,20,38,1091.92,0,149.63,4,2,0,0,premium
C1295,72,27,940.88,1,400.81,1,1,0,0,premium
C1296,48,96,1152.86,4,264.98,2,1,0,0,family
C1297,34,30,890.16,1,697.16,3,0,0,0,standard
C1298,57,109,590.86,1,104.9,1,2,0,0,family
C1299,49,67,1112.55,2,301.29,3,1,0,0,family
C1300,21,97,818.52,1,50.26,3,0,0,0,family
C1301,61,78,975.24,1,161.15,3,4,0,0,premium
C1302,42,36,757.56,0,276.54,3,2,1,0,standard
C1303,58,74,1261.75,2,314.93,4,0,0,0,family
C1304,69,37,707.16,2,140.15,4,2,0,0,premium
C1305,53,19,825.77,0,431.35,1,2,0,0,premium
C1306,56,35,923.64,1,496.86,4,2,0,0,standard
C1307,34,37,659.72,1,106.0,5,4,0,0,standard
C1308,33,21,972.71,1,165.29,5,3,0,0,standard
C1309,42,8,1254.62,0,151.56,2,1,0,1,standard
C1310,66,113,792.1,1,121.96,4,5,0,1,standard
C1311,48,64,986.93,1,475.78,5,1,0,0,family
C1312,39,51,295.12,1,472.04,2,2,0,0,standard
C1313,62,112,891.44,0,155.82,5,2,1,1,standard
C1314,66,31,831.13,2,300.23,4,3,0,0,standard
C1315,69,51,719.93,0,397.58,4,0,0,0,standard
C1316,36,102,1137.92,0,228.39,4,3,0,0,standard
C1317,59,78,828.23,1,146.22,4,1,1,0,premium
C1318,52,51,860.95,0,99.29,5,0,0,0,family
C1319,44,35,817.02,1,321.13,5,1,0,0,standard
C1320,41,10,478.3,0,54.89,3,2,0,0,standard
C1321,26,15,650.96,2,149.53,3,3,0,0,premium
C1322,35,24,1111.44,1,128.83,4,2,0,0,standard
C1323,50,95,435.81,0,51.31,5,1,0,0,premium
C1324,68,78,731.41,1,176.02,2,2,0,1,premium
C1325,67,55,812.06,2,162.43,2,0,0,0,family
C1326,30,95,1283.6,2,81.22,4,0,0,0,standard
C1327,57,24,1069.09,1,463.48,5,0,0,0,family
C1328,24,30,777.42,1,322.73,5,1,0,0,family
C1329,57,50,1186.99,0,194.58,1,3,0,0,standard
C1330,38,110,737.09,1,358.46,5,2,0,0,standard
C1331,44,76,1122.0,1,419.37,4,0,0,0,standard
C1332,59,103,601.05,0,477.92,1,2,0,0,standard
C1333,43,34,1136.12,0,104.35,1,3,0,0,family
C1334,64,102,810.65,1,358.37,2,1,0,0,standard
C1335,49,14,673.73,1,162.99,5,1,0,1,standard
C1336,74,31,852.23,1,222.46,4,4,0,0,standard
C1337,55,65,961.02,0,109.14,3,1,0,0,premium
C1338,36,11,791.16,2,187.49,4,1,0,0,family
C1339,62,103,1021.87,1,362.04,3,2,1,0,premium
C1340,42,104,771.74,2,561.94,5,3,0,0,premium
C1341,49,67,1036.48,1,173.29,1,2,0,0,standard
C1342,27,40,997.29,1,83.75,2,3,0,0,premium
C1343,26,17,886.6,1,618.8,2,2,0,0,standard
C1344,51,76,802.9,4,100.71,5,0,0,0,standard
C1345,30,67,933.34,1,34.29,3,1,0,0,premium
C1346,74,92,1021.06,1,117.02,4,2,0,0,family
C1347,67,74,1353.6,0,405.2,5,2,1,1,premium
C1348,58,20,1106.67,3,94.71,1,6,0,0,premium
C1349,60,19,1114.72,1,64.3,5,1,0,0,standard
C1350,52,95,1579.47,2,206.82,1,1,0,0,standard
C1351,23,24,1013.51,0,562.12,4,0,0,0,standard
C1352,41,112,1006.62,0,268.65,4,3,1,0,premium
C1353,47,18,1054.88,0,53.95,5,0,0,0,premium
C1354,70,89,678.03,0,766.13,1,0,0,0,premium
C1355,32,117,802.34,0,245.62,5,1,0,0,standard
C1356,47,56,788.64,0,376.99,4,2,0,0,standard
C1357,38,12,1042.48,0,42.21,1,2,0,0,standard
C1358,27,105,861.68,0,681.29,3,0,1,0,premium
C1359,25,27,930.41,1,137.92,5,3,0,0,family
C1360,40,66,1139.24,1,38.31,3,4,0,0,standard
C1361,24,118,1089.89,0,226.16,2,2,0,1,premium
C1362,23,90,864.42,0,376.86,2,2,0,0,premium
C1363,39,11,752.6,1,299.1,3,0,0,0,standard
C1364,31,99,1149.76,1,295.27,5,0,0,0,standard
C1365,50,24,1070.26,1,279.96,4,0,0,0,standard
C1366,20,91,546.62,1,210.85,4,0,0,0,family
C1367,36,76,831.11,0,42.03,4,0,1,0,standard
C1368,44,38,936.41,0,161.01,4,0,0,0,standard
C1369,72,54,1071.34,1,143.36,3,3,0,1,standard
C1370,54,19,1100.22,0,479.24,4,0,0,0,premium
C1371,68,118,962.46,1,405.62,2,1,0,1,standard
C1372,38,33,1028.75,2,127.96,3,1,0,0,family
C1373,44,41,914.11,0,335.62,2,2,0,0,standard
C1374,43,63,751.75,2,180.19,5,2,0,1,family
C1375,68,82,842.52,2,34.46,4,3,0,0,premium
C1376,72,63,904.18,0,12.45,3,1,0,0,standard
C1377,72,63,892.37,0,307.46,3,2,1,0,premium
C1378,61,72,485.17,2,72.64,3,2,0,0,premium
C1379,47,103,812.55,0,72.33,4,2,0,1,standard
C1380,49,51,912.37,1,103.26,2,1,0,0,premium
C1381,73,100,838.1,0,312.41,5,3,0,0,premium
C1382,35,95,845.7,1,409.49,2,2,0,0,premium
C1383,39,115,1007.36,0,403.42,1,2,0,0,premium
C1384,69,110,662.63,0,29.75,4,3,0,0,premium
C1385,41,96,541.83,1,99.29,4,1,0,0,standard
C1386,32,34,823.4,3,85.15,2,2,0,0,standard
C1387,50,94,1068.11,1,312.25,4,3,0,0,standard
C1388,37,89,1271.26,3,100.74,4,1,0,0,premium
C1389,68,39,1072.07,0,169.9,4,2,0,0,standard
C1390,69,83,576.98,1,332.85,5,2,0,0,standard
C1391,36,34,848.88,1,197.11,5,1,0,0,premium
C1392,49,65,956.46,2,244.86,3,2,0,0,standard
C1393,74,96,939.07,0,164.94,2,0,0,1,standard
C1394,60,27,1018.65,1,380.25,1,2,0,0,family
C1395,31,44,698.25,0,407.18,3,1,0,0,premium
C1396,52,96,914.29,1,279.86,4,2,0,0,premium
C1397,54,57,992.47,1,408.33,4,2,0,0,standard
C1398,55,115,1081.65,1,935.16,1,0,0,0,premium
C1399,21,6,722.74,0,328.73,4,0,0,0,family
C1400,36,88,824.07,1,185.04,4,1,0,0,standard
C1401,67,98,305.16,3,249.13,4,2,0,0,standard
C1402,33,110,763.28,0,437.44,3,2,0,0,standard
C1403,36,23,784.63,3,136.52,1,3,1,0,family
C1404,37,118,675.69,1,127.33,3,2,1,0,standard
C1405,29,50,936.43,2,245.98,4,2,0,0,standard
C1406,28,46,887.69,0,182.35,3,5,0,1,standard
C1407,39,46,402.97,0,84.35,3,4,0,0,family
C1408,68,78,947.41,0,218.18,3,1,0,0,standard
C1409,20,81,695.77,1,500.41,3,3,0,1,standard
C1410,35,60,1006.85,0,273.05,2,1,0,0,family
C1411,23,14,617.99,2,68.96,4,3,0,0,standard
C1412,50,118,906.6,1,305.52,2,4,0,0,premium
C1413,33,31,837.7,0,153.78,3,1,0,1,standard
C1414,63,16,966.68,1,737.87,3,2,0,0,standard
C1415,52,74,927.43,0,288.21,4,2,0,0,standard
C1416,63,53,843.86,0,116.26,5,3,0,0,standard
C1417,54,76,562.02,1,322.23,4,3,0,0,standard
C1418,44,105,575.01,1,230.22,1,1,0,1,premium
C1419,67,17,771.54,3,468.0,4,2,1,0,standard
C1420,46,38,898.18,1,126.76,2,0,0,1,standard
C1421,72,64,766.19,0,287.73,1,2,0,0,premium
C1422,74,95,1037.55,1,42.08,1,0,0,0,family
C1423,52,74,838.57,1,211.02,5,1,1,0,standard
C1424,57,49,687.7,0,67.1,3,2,0,0,standard
C1425,34,75,838.82,0,224.52,2,3,0,1,standard
C1426,64,117,949.69,2,263.07,1,2,0,0,family
C1427,56,60,971.47,2,279.73,4,2,0,0,family
C1428,69,106,1313.24,0,126.59,4,1,0,0,standard
C1429,34,94,752.84,1,215.94,2,2,0,0,standard
C1430,63,40,883.83,2,428.75,1,4,0,0,standard
C1431,45,34,993.75,1,603.8,2,4,0,1,premium
C1432,30,93,894.85,0,221.62,4,2,0,0,standard
C1433,29,29,789.86,0,436.88,1,3,0,0,standard
C1434,50,44,559.16,0,91.35,2,2,0,0,standard
C1435,37,32,787.62,0,143.83,1,2,0,0,premium
C1436,25,75,663.79,1,240.34,3,1,0,1,family
C1437,43,39,520.15,1,183.3,1,3,0,0,standard
C1438,55,81,724.95,0,168.49,1,1,0,1,family
C1439,37,112,669.64,0,405.81,1,2,1,0,standard
C1440,72,100,1028.43,2,78.18,4,2,0,0,premium
C1441,62,114,1032.24,0,85.81,3,0,0,1,family
C1442,48,8,701.15,2,56.87,5,1,0,1,premium
C1443,71,57,842.75,0,245.8,2,0,0,0,standard
C1444,43,31,491.19,0,153.61,2,2,0,0,standard
C1445,27,110,791.25,2,378.79,2,0,0,0,family
C1446,21,87,987.78,0,230.31,5,3,0,0,premium
C1447,71,42,1081.49,2,124.08,3,1,0,1,standard
C1448,72,70,743.13,1,108.29,2,3,0,0,premium
C1449,60,75,1131.41,0,174.61,4,0,0,0,standard
C1450,25,62,566.55,1,68.06,3,2,0,0,standard
C1451,36,60,625.52,2,412.49,1,1,1,0,family
C1452,22,12,1056.13,0,147.54,4,5,0,0,standard
C1453,22,57,1267.65,1,47.09,1,0,0,0,standard
C1454,33,45,1008.56,1,469.99,1,1,0,1,standard
C1455,51,99,891.12,0,176.69,4,2,0,0,family
C1456,23,104,417.06,1,304.17,3,0,0,1,standard
C1457,74,91,455.06,1,125.59,2,1,0,0,standard
C1458,45,9,928.47,1,481.09,1,1,0,0,standard
C1459,34,101,821.23,2,95.77,3,2,0,0,standard
C1460,48,51,656.72,0,153.55,4,1,0,0,standard
C1461,63,53,914.42,2,32.09,2,1,0,0,standard
C1462,37,113,925.33,2,473.1,3,1,0,0,standard
C1463,22,104,1107.77,1,112.48,2,5,0,0,premium
C1464,22,11,930.05,1,250.14,5,0,0,0,standard
C1465,66,47,1170.25,1,276.79,4,2,0,0,standard
C1466,26,91,901.76,2,421.33,2,1,0,0,premium
C1467,54,67,874.63,1,236.34,3,3,0,0,standard
C1468,41,35,1134.15,1,185.11,5,1,0,0,standard
C1469,62,65,684.74,0,391.81,2,3,0,0,family
C1470,23,104,1519.18,0,273.44,1,0,0,0,premium
C1471,69,31,982.56,0,163.33,2,0,0,0,premium
C1472,58,91,983.78,1,487.62,4,0,0,0,standard
C1473,44,89,1015.52,1,289.06,5,0,1,0,family
C1474,31,106,1312.97,0,62.46,2,6,0,0,standard
C1475,73,39,1074.35,3,548.14,1,0,0,1,standard
C1476,36,30,546.89,0,122.87,1,0,0,0,family
C1477,46,68,1208.76,1,419.89,3,1,0,0,standard
C1478,41,66,825.0,0,48.0,1,1,1,0,premium
C1479,32,52,923.57,2,390.12,1,3,0,1,standard
C1480,42,94,618.56,1,66.36,4,1,0,0,standard
C1481,28,97,1015.76,0,231.64,5,2,0,0,premium
C1482,20,34,756.7,1,283.26,2,5,0,0,standard
C1483,35,96,922.04,0,166.16,3,1,0,0,premium
C1484,26,32,837.5,0,202.57,3,4,0,0,standard
C1485,42,52,1323.5,3,80.92,4,0,0,0,standard
C1486,67,9,1336.1,2,362.18,5,2,0,0,premium
C1487,28,44,910.23,1,240.97,5,3,0,0,standard
C1488,20,115,914.08,0,95.26,2,2,0,0,premium
C1489,26,56,817.84,1,247.85,5,1,0,0,standard
C1490,47,86,1143.32,2,253.57,1,4,0,0,standard
C1491,35,18,827.64,1,210.09,5,1,0,0,standard
C1492,46,78,807.31,0,12.87,1,0,0,0,premium
C1493,21,48,1115.29,0,147.38,1,4,0,0,standard
C1494,38,90,781.57,0,358.32,1,0,0,0,standard
C1495,42,111,891.69,0,294.76,1,0,0,0,family
C1496,43,66,552.11,0,288.42,3,2,0,0,standard
C1497,50,17,1054.92,0,239.6,4,3,1,0,premium
C1498,62,60,1326.99,0,387.67,4,2,0,0,standard
C1499,45,20,1058.67,1,122.23,1,1,0,0,standard
C1500,66,57,1221.6,0,100.9,2,2,0,0,standard
C1501,49,12,713.86,1,641.71,1,2,0,1,standard
C1502,34,79,951.99,1,111.46,1,2,0,0,premium
C1503,32,41,692.5,1,60.23,4,1,0,0,standard
C1504,37,28,849.89,1,163.75,4,2,0,0,standard
C1505,52,7,1069.89,1,216.02,2,0,1,1,premium
C1506,33,107,922.4,0,389.39,2,0,1,0,premium
C1507,70,101,589.22,1,147.64,5,3,0,0,standard
C1508,46,98,610.69,0,146.63,3,3,0,0,standard
C1509,67,12,596.14,1,201.02,2,1,0,0,standard
C1510,57,45,1008.12,0,127.52,5,0,0,0,family
C1511,38,116,1354.06,1,48.63,1,1,0,0,premium
C1512,32,71,1199.74,3,65.14,2,0,1,0,premium
C1513,60,20,482.88,0,463.0,4,2,0,0,standard
C1514,38,22,1212.64,1,333.18,3,2,0,0,standard
C1515,33,35,1106.01,1,195.76,1,2,0,0,standard
C1516,71,116,560.03,0,294.07,5,2,0,0,standard
C1517,46,25,833.3,0,340.21,2,0,1,1,standard
C1518,22,108,1141.01,0,116.63,4,3,0,0,standard
C1519,47,83,1021.1,0,80.12,2,0,0,0,standard
C1520,45,111,612.0,1,430.94,4,2,0,0,standard
C1521,67,100,1034.36,2,18.04,5,2,0,0,standard
C1522,59,43,429.75,1,297.45,4,1,1,0,standard
C1523,30,100,850.98,0,229.26,5,2,0,1,premium
C1524,28,25,1150.35,1,401.83,3,1,0,0,premium
C1525,53,39,904.05,3,305.31,1,2,0,1,standard
C1526,22,30,790.23,2,292.73,3,1,0,0,premium
C1527,37,21,1095.66,3,87.92,3,3,1,1,standard
C1528,27,16,1114.45,1,349.39,4,1,1,0,standard
C1529,21,27,1188.21,2,271.64,2,0,0,0,family
C1530,70,19,1092.36,1,98.8,4,0,1,0,standard
C1531,24,49,1137.9,0,230.81,3,2,0,0,premium
C1532,20,14,1061.24,0,71.54,4,1,0,0,standard
C1533,71,12,958.42,0,175.01,3,1,0,0,standard
C1534,30,118,919.69,1,817.79,2,2,0,0,standard
C1535,64,15,847.8,1,83.51,2,2,0,0,standard
C1536,21,14,633.28,2,48.09,5,3,0,1,standard
C1537,28,9,689.83,3,65.93,1,1,0,0,standard
C1538,26,21,837.96,0,173.04,2,1,0,0,standard
C1539,58,66,953.12,0,321.34,3,2,0,0,standard
C1540,54,100,1216.98,1,205.66,1,3,0,0,standard
C1541,46,89,890.8,1,55.65,5,3,0,0,standard
C1542,33,72,1120.76,0,318.38,2,2,0,1,standard
C1543,24,15,1137.45,2,27.62,2,2,0,0,standard
C1544,51,94,849.08,2,62.21,2,2,1,0,premium
C1545,32,10,1030.83,1,123.06,1,1,0,1,family
C1546,52,77,846.42,2,420.58,4,3,0,0,standard
C1547,57,52,1190.87,0,212.01,3,0,0,1,standard
C1548,66,106,1039.89,1,218.44,2,3,0,0,family
C1549,47,41,638.09,1,56.64,5,2,1,0,premium
C1550,20,78,935.54,0,133.74,4,3,0,0,family
C1551,35,56,1262.58,1,379.06,3,0,0,0,premium
C1552,66,65,860.13,0,259.03,3,1,0,0,premium
C1553,49,113,998.5,1,326.73,4,1,0,0,standard
C1554,54,87,1020.09,0,194.77,1,2,1,0,standard
C1555,45,53,671.94,1,381.93,5,1,0,0,premium
C1556,28,57,1012.36,1,56.26,2,0,0,0,standard
C1557,69,86,593.36,0,169.75,1,1,0,1,premium
C1558,62,45,762.36,2,288.0,3,1,0,0,family
C1559,74,25,1136.66,1,38.86,5,4,0,0,standard
C1560,67,59,978.49,4,8.21,4,0,0,0,standard
C1561,36,13,833.01,1,642.1,2,1,0,1,family
C1562,33,25,998.22,1,214.26,2,3,1,0,family
C1563,33,53,886.78,0,34.53,3,5,0,0,family
C1564,70,96,902.77,0,210.11,2,1,0,0,premium
C1565,50,95,1044.5,0,63.15,5,2,0,0,family
C1566,44,35,739.98,0,87.9,2,1,0,0,standard
C1567,73,54,908.87,0,430.43,2,0,0,0,standard
C1568,53,23,831.3,2,125.69,1,2,0,0,standard
C1569,70,92,551.17,2,124.82,4,1,0,0,standard
C1570,74,34,697.5,4,61.11,1,2,0,0,family
C1571,24,97,1245.01,2,149.35,5,1,0,0,standard
C1572,39,101,984.64,1,224.99,5,3,0,1,premium
C1573,60,84,608.81,0,125.57,1,2,0,0,standard
C1574,64,43,561.12,1,755.43,1,1,0,0,premium
C1575,28,114,875.32,1,77.11,5,0,0,1,standard
C1576,37,84,1243.46,1,76.68,1,2,0,0,standard
C1577,50,79,858.91,1,144.4,3,1,0,0,standard
C1578,63,103,1187.54,0,696.3,5,2,0,0,standard
C1579,26,106,977.42,0,330.58,1,3,0,0,standard
C1580,53,14,1003.68,3,122.01,4,1,0,1,premium
C1581,36,106,606.14,1,122.1,2,1,0,0,standard
C1582,31,93,1106.26,1,74.32,3,1,0,0,family
C1583,48,29,826.31,0,140.9,5,6,0,1,family
C1584,42,41,1089.88,2,165.99,4,1,0,1,standard
C1585,54,91,720.88,0,319.78,2,1,0,0,standard
C1586,37,30,938.95,0,272.94,5,2,0,0,standard
C1587,65,57,977.44,0,137.04,3,1,0,0,standard
C1588,24,84,866.11,0,529.82,1,2,1,0,standard
C1589,67,80,989.0,1,107.93,2,3,0,1,family
C1590,21,109,841.39,3,47.05,2,4,0,0,family
C1591,60,18,757.21,0,233.11,4,2,1,0,standard
C1592,39,39,1253.21,0,408.6,5,0,0,0,premium
C1593,41,118,1130.77,0,188.77,1,1,0,0,family
C1594,21,70,732.61,2,58.63,4,0,1,0,standard
C1595,58,34,1025.06,0,218.93,5,2,0,0,family
C1596,29,39,736.61,1,240.35,5,0,0,0,family
C1597,56,44,639.37,1,259.56,4,0,0,0,family
C1598,59,69,1127.44,0,222.32,2,3,0,0,premium
C1599,66,38,525.1,1,446.62,1,2,0,1,standard
C1600,58,76,1103.91,0,72.59,5,2,0,0,standard
C1601,36,56,844.4,1,3.39,3,2,0,0,family
C1602,60,75,853.46,1,27.66,2,1,0,0,standard
C1603,65,23,990.15,0,57.76,4,3,1,0,standard
C1604,37,77,1027.86,0,360.12,4,2,0,0,standard
C1605,26,111,718.2,0,149.32,5,0,1,1,standard
C1606,68,21,1057.9,0,558.53,5,2,0,0,standard
C1607,28,43,924.94,0,67.44,5,0,0,0,family
C1608,52,85,623.67,3,550.9,1,3,0,0,standard
C1609,32,76,862.63,2,88.81,1,0,0,1,standard
C1610,26,82,1203.88,0,165.74,2,0,0,0,standard
C1611,62,69,1268.85,2,34.83,4,2,0,0,premium
C1612,27,83,1057.82,0,501.64,3,1,0,0,premium
C1613,56,75,638.12,1,184.43,5,2,0,0,family
C1614,58,14,1007.93,4,778.01,5,2,0,0,family
C1615,23,91,1087.19,2,421.85,5,2,1,0,standard
C1616,29,56,1059.66,0,162.45,1,2,1,0,family
C1617,63,11,1072.69,0,102.45,4,1,0,0,standard
C1618,47,52,979.92,0,371.53,5,1,0,0,premium
C1619,26,55,884.07,1,200.01,5,4,0,0,premium
C1620,74,15,766.16,3,97.53,2,4,0,0,standard
C1621,34,119,482.45,1,211.5,4,1,1,0,standard
C1622,20,31,974.72,0,22.33,3,3,0,0,premium
C1623,70,43,940.93,0,263.27,1,2,0,0,standard
C1624,20,56,1022.67,0,301.51,2,2,0,0,premium
C1625,50,100,605.74,0,65.08,2,1,0,0,standard
C1626,74,90,1041.9,1,454.99,5,2,1,0,premium
C1627,51,93,1352.0,0,389.89,1,0,0,0,family
C1628,52,33,917.26,0,245.65,1,1,0,0,standard
C1629,41,102,886.43,1,82.81,3,2,0,0,standard
C1630,26,100,967.98,0,314.73,3,4,0,0,premium
C1631,51,58,1347.11,0,142.62,3,2,0,0,standard
C1632,69,68,674.8,2,226.62,1,1,0,1,standard
C1633,25,10,944.71,2,336.7,3,1,0,0,premium
C1634,68,92,724.08,0,47.97,5,1,0,0,standard
C1635,42,115,779.66,1,33.07,1,0,1,0,premium
C1636,49,59,889.09,1,131.03,4,1,0,0,standard
C1637,29,67,1196.41,0,691.2,1,1,0,0,standard
C1638,54,62,1296.22,2,799.68,2,4,0,1,standard
C1639,30,15,998.59,1,258.87,5,2,1,0,family
C1640,35,76,817.15,1,397.6,2,1,0,0,standard
C1641,59,88,1448.4,0,190.63,3,1,1,0,standard
C1642,22,111,805.94,1,211.65,2,1,0,0,standard
C1643,44,111,774.35,0,165.58,4,1,0,0,premium
C1644,52,62,509.51,1,431.85,3,2,0,0,premium
C1645,27,115,1207.14,1,562.86,3,2,0,0,standard
C1646,36,66,1113.01,0,207.81,5,5,0,0,standard
C1647,38,79,1431.92,1,210.93,3,2,0,1,standard
C1648,56,74,594.3,1,172.62,3,0,1,0,premium
C1649,73,119,1220.8,1,572.56,5,4,1,0,family
C1650,65,90,915.43,2,363.14,3,2,0,0,premium
C1651,30,19,1077.34,2,80.96,5,2,0,0,premium
C1652,20,14,537.49,3,677.15,4,2,0,0,standard
C1653,22,52,1222.98,4,12.03,5,3,0,0,premium
C1654,52,64,1073.03,0,534.15,3,1,0,0,premium
C1655,28,82,891.44,1,407.84,3,1,0,0,standard
C1656,32,60,1041.92,3,208.31,1,4,1,0,family
C1657,66,64,731.59,1,204.35,1,1,0,0,standard
C1658,68,111,772.52,1,179.77,1,1,1,0,premium
C1659,66,44,798.04,1,84.74,4,1,0,0,premium
C1660,33,62,492.4,2,641.3,2,3,0,0,family
C1661,54,69,1089.59,0,199.59,2,0,0,0,standard
C1662,53,59,1162.15,0,83.28,4,3,0,0,family
C1663,30,116,745.7,2,615.22,2,2,0,0,standard
C1664,50,115,976.6,0,280.82,1,0,0,0,standard
C1665,48,64,841.58,1,293.38,3,0,0,0,family
C1666,41,57,972.22,0,710.29,3,1,0,0,standard
C1667,61,73,761.93,0,323.46,1,2,0,0,premium
C1668,57,26,705.65,0,117.19,2,0,0,1,standard
C1669,49,54,1131.46,0,323.11,2,1,0,0,family
C1670,59,30,885.95,0,92.19,4,1,0,0,premium
C1671,61,22,1344.86,0,137.36,2,3,0,0,standard
C1672,51,16,910.19,1,252.61,1,1,0,0,family
C1673,34,72,696.26,0,393.36,2,1,0,0,standard
C1674,61,6,1169.93,1,123.21,3,0,0,0,premium
C1675,59,79,1038.78,2,175.58,4,1,0,0,premium
C1676,74,55,1059.91,3,174.08,1,3,0,0,premium
C1677,28,47,1161.93,0,442.0,5,1,0,0,premium
C1678,43,93,756.38,0,204.14,2,3,0,0,family
C1679,70,67,872.0,2,671.08,2,2,0,0,premium
C1680,48,89,862.28,1,137.27,1,2,0,1,family
C1681,71,86,616.04,0,127.97,2,2,0,0,standard
C1682,20,9,842.01,1,527.55,3,3,0,0,standard
C1683,21,30,1194.0,2,304.34,4,3,0,0,premium
C1684,63,70,952.21,1,514.14,4,0,0,0,standard
C1685,39,117,603.87,2,62.74,3,0,0,0,standard
C1686,48,23,557.72,0,200.38,1,2,0,0,premium
C1687,43,18,1266.25,0,252.36,2,1,1,0,standard
C1688,42,113,880.13,0,239.22,4,4,0,0,standard
C1689,71,116,757.57,1,177.87,4,0,0,0,standard
C1690,25,25,839.72,1,235.59,3,1,0,0,standard
C1691,62,51,574.99,0,245.16,3,2,0,0,standard
C1692,68,77,1213.08,0,124.92,3,1,0,0,standard
C1693,56,28,813.53,0,429.59,5,1,0,1,family
C1694,41,43,1200.83,1,620.16,3,2,0,0,standard
C1695,28,51,911.36,0,343.09,3,1,0,1,family
C1696,57,79,1214.5,0,274.26,2,1,0,0,family
C1697,45,41,956.47,0,190.47,3,1,0,0,standard
C1698,28,52,1087.71,2,250.81,4,2,0,0,family
C1699,39,39,1058.2,1,270.06,5,1,0,0,standard
C1700,72,92,1037.12,2,85.03,4,0,0,0,premium
C1701,34,23,976.55,2,414.97,4,2,0,0,family
C1702,29,32,848.77,2,145.23,4,2,0,0,family
C1703,57,34,1321.4,2,546.76,1,4,0,0,standard
C1704,30,109,700.47,2,229.72,2,3,0,0,standard
C1705,70,113,900.95,1,420.0,2,1,0,0,standard
C1706,67,63,903.27,2,339.46,4,2,1,0,family
C1707,74,23,988.54,0,63.57,4,3,0,0,standard
C1708,70,92,805.52,2,513.87,1,1,0,1,standard
C1709,33,62,969.24,0,107.09,1,1,0,1,standard
C1710,31,102,862.85,1,137.2,3,1,0,0,standard
C1711,38,47,551.97,0,147.58,5,1,0,0,standard
C1712,45,119,902.1,2,41.85,1,1,0,0,standard
C1713,68,97,657.88,2,237.85,5,1,0,0,premium
C1714,60,31,518.44,0,438.38,1,0,0,0,standard
C1715,55,88,930.11,2,537.73,2,0,0,0,standard
C1716,68,38,1007.33,1,177.83,4,2,0,0,standard
C1717,55,45,1015.87,2,202.78,4,1,0,0,standard
C1718,40,34,1024.78,0,356.27,5,4,0,1,premium
C1719,42,83,474.83,0,181.81,1,1,0,0,standard
C1720,48,35,600.58,3,465.83,1,0,0,0,standard
C1721,24,78,1334.17,1,195.08,3,2,0,0,standard
C1722,60,72,669.61,0,94.39,3,3,0,0,standard
C1723,55,91,1034.39,0,242.53,2,1,0,1,family
C1724,60,119,748.87,1,51.15,4,2,0,0,family
C1725,49,7,917.53,3,240.11,2,2,0,1,standard
C1726,63,118,760.68,2,275.03,5,0,0,0,standard
C1727,72,18,1023.54,2,107.56,1,2,0,0,standard
C1728,51,66,930.09,1,267.13,4,1,1,0,premium
C1729,44,44,801.38,0,164.72,3,2,0,0,standard
C1730,25,78,668.96,1,103.65,1,2,0,0,family
C1731,62,88,958.91,0,43.91,4,0,0,0,standard
C1732,69,104,633.2,0,57.39,1,1,0,0,family
C1733,58,51,994.05,0,584.7,3,2,0,0,standard
C1734,67,112,1477.83,0,159.34,4,0,0,0,standard
C1735,67,42,1197.04,1,270.12,1,0,0,1,standard
C1736,63,29,1058.04,0,176.67,2,0,0,0,standard
C1737,47,49,881.17,2,594.52,2,2,0,0,family
C1738,25,66,473.47,0,104.09,5,2,0,0,standard
C1739,20,82,609.1,0,216.4,2,1,0,0,standard
C1740,31,100,1182.21,0,136.41,5,2,0,1,family
C1741,43,31,726.25,0,416.82,3,3,0,0,standard
C1742,60,40,746.16,2,268.01,5,0,1,1,standard
C1743,45,113,863.56,2,210.35,5,1,1,0,standard
C1744,21,56,666.35,1,65.51,2,4,0,0,standard
C1745,31,33,630.11,1,775.35,3,4,1,0,family
C1746,73,118,888.9,1,180.76,4,3,0,0,standard
C1747,74,57,703.86,2,89.08,1,0,0,0,premium
C1748,40,118,736.98,0,44.13,4,6,0,0,standard
C1749,64,110,728.14,2,55.43,3,1,0,0,standard
C1750,59,109,1014.92,1,208.8,1,1,0,0,premium
C1751,71,72,848.93,0,421.37,5,1,0,0,premium
C1752,68,97,860.71,1,255.03,2,1,0,1,premium
C1753,54,115,1031.33,1,46.98,5,1,0,1,standard
C1754,41,36,868.75,0,208.46,2,2,0,0,standard
C1755,54,10,838.78,0,510.86,3,1,0,0,premium
C1756,37,42,1003.5,0,154.87,2,1,0,0,premium
C1757,39,78,1047.0,2,255.6,5,0,1,0,standard
C1758,53,68,867.64,0,160.48,5,1,0,0,standard
C1759,51,15,917.73,1,298.21,4,1,0,0,premium
C1760,51,69,728.01,0,102.64,5,2,0,0,standard
C1761,41,25,710.65,1,2.09,4,2,1,0,premium
C1762,42,63,1069.21,3,69.41,2,2,0,0,premium
C1763,20,71,997.89,0,139.17,5,3,0,0,standard
C1764,53,78,1000.17,0,192.56,3,2,0,1,standard
C1765,51,53,961.79,3,143.88,2,3,0,0,standard
C1766,71,52,910.16,2,141.48,1,2,0,0,premium
C1767,47,83,1053.21,1,423.85,4,0,0,0,family
C1768,45,91,1105.72,0,80.78,2,0,0,0,standard
C1769,23,98,1100.47,2,209.54,4,4,0,0,standard
C1770,30,44,877.83,0,50.31,1,5,1,0,standard
C1771,38,54,1205.14,0,343.25,4,0,0,0,premium
C1772,40,43,950.26,1,250.15,4,2,1,0,standard
C1773,39,66,1039.12,0,765.39,3,2,0,0,premium
C1774,41,20,962.06,2,77.8,4,4,0,0,standard
C1775,62,55,954.34,0,613.91,5,3,0,0,standard
C1776,27,27,738.13,0,88.24,5,2,0,0,standard
C1777,38,66,1054.3,0,153.89,3,2,0,1,family
C1778,28,102,1525.96,0,59.51,5,1,0,0,premium
C1779,36,118,817.55,0,758.77,5,3,0,0,standard
C1780,57,56,915.62,3,278.98,1,0,0,0,standard
C1781,22,12,801.83,0,281.19,2,1,0,0,family
C1782,38,31,792.64,3,95.96,4,2,0,0,family
C1783,21,17,1239.78,0,14.16,3,2,0,1,standard
C1784,72,92,751.95,1,148.72,1,0,0,1,premium
C1785,59,118,795.7,0,126.2,3,1,0,0,family
C1786,33,69,550.75,2,29.7,2,4,0,0,standard
C1787,30,26,733.33,0,157.01,4,2,1,0,standard
C1788,25,8,524.15,2,209.84,3,2,0,1,standard
C1789,46,117,1039.0,1,293.04,1,2,1,0,standard
C1790,61,42,1515.93,1,17.4,1,2,0,0,premium
C1791,52,18,819.33,1,63.34,2,3,0,0,standard
C1792,68,26,533.31,0,99.1,1,0,0,0,standard
C1793,38,35,1098.0,0,436.89,5,1,0,0,standard
C1794,35,80,740.08,0,431.11,2,1,0,0,premium
C1795,46,107,1185.86,0,267.86,4,3,0,0,standard
C1796,31,37,837.95,1,154.73,1,2,1,0,standard
C1797,73,84,761.0,0,455.77,3,1,0,0,standard
C1798,30,13,860.85,1,243.9,5,0,0,0,family
C1799,46,7,1066.71,3,438.3,4,1,0,0,standard
C1800,48,12,849.97,1,277.07,2,3,0,0,standard
C1801,23,111,790.72,0,35.09,4,1,0,0,premium
C1802,45,72,856.26,1,13.83,3,1,0,0,standard
C1803,45,97,620.19,0,141.98,2,0,0,1,premium
C1804,34,8,987.35,0,373.59,5,1,0,0,standard
C1805,27,8,506.92,4,124.78,5,1,0,0,family
C1806,22,102,802.29,0,517.39,3,3,0,0,standard
C1807,20,17,1067.06,2,349.9,1,0,0,1,standard
C1808,46,23,966.67,1,486.4,3,3,1,1,standard
C1809,24,65,1029.87,0,145.34,3,1,0,0,family
C1810,72,75,885.69,0,83.47,5,1,0,0,family
C1811,33,32,1157.34,1,72.03,4,1,1,0,standard
C1812,55,56,1103.43,2,296.6,2,4,0,0,standard
C1813,57,82,998.15,1,38.89,3,3,0,0,standard
C1814,47,56,1104.06,1,41.91,1,1,0,0,standard
C1815,68,49,1065.09,1,118.42,3,1,0,0,standard
C1816,26,14,803.32,2,237.02,3,3,0,1,family
C1817,32,57,604.34,0,100.62,3,1,0,0,standard
C1818,33,97,992.48,0,431.78,3,2,0,0,family
C1819,27,77,1020.14,2,491.2,3,0,0,0,standard
C1820,36,107,1139.9,1,6.42,4,1,0,0,family
C1821,37,20,694.01,1,281.01,3,2,0,0,standard
C1822,62,7,700.59,1,125.32,1,2,0,1,standard
C1823,36,68,1001.18,0,385.65,4,0,0,0,premium
C1824,68,26,884.34,1,288.13,4,2,0,0,standard
C1825,62,73,485.13,2,228.57,4,3,0,0,family
C1826,69,109,982.52,1,180.55,4,0,0,0,premium
C1827,25,44,492.47,1,42.15,1,2,0,1,family
C1828,74,68,692.04,0,839.73,5,1,0,1,family
C1829,53,83,1197.37,0,62.58,5,2,0,0,standard
C1830,74,23,1301.47,0,618.42,1,1,0,1,standard
C1831,39,108,632.56,3,329.69,2,3,0,0,premium
C1832,72,29,827.53,2,130.87,2,3,0,0,standard
C1833,52,98,909.38,1,114.37,5,1,0,0,standard
C1834,23,81,1291.87,0,40.09,5,4,0,0,standard
C1835,42,22,791.57,1,206.15,2,0,1,0,premium
C1836,27,88,795.09,0,38.18,4,0,0,0,standard
C1837,71,28,1240.72,1,449.09,2,0,0,0,standard
C1838,36,74,817.55,3,246.3,1,1,0,0,family
C1839,32,115,1058.88,1,195.53,2,2,0,1,family
C1840,50,114,575.03,1,215.88,1,1,0,0,standard
C1841,43,105,862.33,2,253.89,5,1,0,0,standard
C1842,25,62,534.89,2,151.55,4,3,0,0,premium
C1843,64,69,667.8,0,169.0,1,0,0,0,standard
C1844,66,40,1084.62,0,663.55,3,2,0,0,premium
C1845,60,110,889.02,0,418.41,2,0,0,0,premium
C1846,53,60,829.8,1,319.55,3,2,0,0,standard
C1847,42,93,735.28,0,130.9,5,2,0,0,standard
C1848,49,47,851.46,0,23.71,5,2,0,0,standard
C1849,48,90,966.24,2,293.1,5,1,0,0,standard
C1850,29,31,1116.24,0,215.4,2,5,0,0,premium
C1851,24,89,322.47,0,165.91,1,2,0,0,standard
C1852,33,11,717.01,0,188.16,1,2,0,0,family
C1853,44,17,935.0,0,66.46,1,2,0,1,premium
C1854,28,46,878.25,0,87.38,4,4,0,1,standard
C1855,25,60,988.74,0,419.0,4,3,0,0,standard
C1856,66,87,958.86,2,16.06,5,1,0,1,standard
C1857,40,46,832.93,0,377.81,1,0,1,0,standard
C1858,52,8,784.09,0,533.33,2,2,0,1,premium
C1859,48,43,845.99,1,288.56,4,0,0,0,standard
C1860,60,56,1152.72,2,278.16,4,3,0,0,standard
C1861,60,67,738.96,0,86.64,3,0,1,0,standard
C1862,36,79,886.18,1,99.45,1,0,0,0,standard
C1863,66,34,940.34,0,140.47,3,1,0,0,premium
C1864,40,75,1243.28,0,52.95,1,2,0,0,family
C1865,65,78,833.93,2,92.74,3,3,0,0,premium
C1866,42,94,1110.94,0,214.79,5,0,0,1,family
C1867,26,65,1171.04,2,133.23,1,2,0,0,premium
C1868,61,98,885.97,0,229.66,1,4,1,0,standard
C1869,21,31,853.64,3,417.91,4,3,1,0,family
C1870,62,87,827.61,0,228.3,1,3,0,1,standard
C1871,22,11,843.72,1,280.48,5,0,0,0,standard
C1872,31,17,1087.93,1,37.41,4,2,0,0,family
C1873,53,104,950.82,3,412.68,3,6,0,0,premium
C1874,71,60,951.76,1,36.23,2,5,0,0,family
C1875,42,76,652.45,0,125.27,2,0,0,0,standard
C1876,26,74,687.15,0,69.9,2,2,0,0,premium
C1877,32,85,1371.56,2,23.89,5,0,0,0,standard
C1878,69,33,860.88,0,219.19,4,1,0,0,standard
C1879,59,26,729.55,0,298.66,2,1,0,0,family
C1880,25,10,1214.84,0,542.8,1,0,0,0,standard
C1881,41,104,962.0,1,243.99,3,3,0,1,premium
C1882,34,31,1027.19,2,92.2,4,0,0,0,family
C1883,29,71,869.63,0,130.48,4,5,0,0,family
C1884,66,57,829.89,2,28.94,2,1,0,0,standard
C1885,53,24,862.69,0,142.71,3,0,0,0,standard
C1886,29,53,595.8,3,193.26,1,3,0,0,family
C1887,55,15,880.66,1,289.4,3,0,0,1,premium
C1888,42,26,965.13,1,348.52,4,3,1,0,standard
C1889,23,21,1307.1,3,282.38,2,3,0,0,standard
C1890,44,99,918.92,3,83.13,2,4,0,0,standard
C1891,30,70,386.48,0,61.71,3,2,0,0,family
C1892,33,111,879.32,0,330.62,5,3,1,0,standard
C1893,68,55,1502.69,3,22.79,4,0,0,0,premium
C1894,59,28,1090.6,1,725.54,5,3,0,0,standard
C1895,27,75,721.6,1,100.46,1,0,0,0,standard
C1896,66,111,1030.04,3,453.39,5,2,1,0,premium
C1897,51,66,736.76,1,117.86,1,1,0,0,family
C1898,68,8,602.16,0,303.88,2,0,0,0,standard
C1899,61,40,823.36,1,64.02,3,2,1,0,standard
C1900,38,111,920.14,2,202.61,2,3,0,0,premium
C1901,49,65,488.13,2,31.42,5,0,0,0,standard
C1902,49,114,647.18,2,253.99,5,1,1,0,standard
C1903,59,64,902.27,0,62.88,3,4,0,0,premium
C1904,33,7,810.2,2,73.45,3,3,0,0,standard
C1905,38,105,986.86,0,136.54,4,0,1,0,premium
C1906,33,92,632.77,0,161.44,4,2,0,0,standard
C1907,36,87,1057.11,1,289.72,3,3,0,0,premium
C1908,28,116,639.57,2,268.62,5,2,0,0,family
C1909,22,28,1261.4,0,219.6,1,1,0,0,family
C1910,71,109,522.53,0,376.96,2,6,0,0,premium
C1911,24,32,659.64,0,263.01,1,2,0,0,premium
C1912,68,116,991.82,2,277.4,1,2,0,0,standard
C1913,20,27,1266.13,1,72.79,1,1,0,0,standard
C1914,62,68,969.31,0,397.79,4,1,0,0,standard
C1915,38,95,1023.83,3,363.65,5,1,0,1,premium
C1916,48,14,903.86,1,227.93,3,2,0,0,standard
C1917,35,13,674.19,3,354.24,3,1,0,0,standard
C1918,46,102,792.17,1,190.38,2,1,0,1,standard
C1919,44,12,633.38,0,561.72,1,1,0,0,premium
C1920,49,75,618.68,1,211.96,3,3,0,0,standard
C1921,41,112,988.38,1,185.23,1,3,0,0,standard
C1922,49,76,652.9,1,264.45,4,0,0,0,premium
C1923,65,60,970.3,1,642.68,3,1,1,0,family
C1924,43,53,613.6,0,121.21,2,2,0,0,premium
C1925,39,78,965.2,5,251.59,1,1,0,0,standard
C1926,27,71,792.49,1,129.26,2,1,0,0,family
C1927,39,63,1209.46,2,185.04,1,1,0,0,standard
C1928,26,23,971.22,0,91.82,4,2,0,0,standard
C1929,30,81,1171.87,0,271.99,3,1,0,0,standard
C1930,72,90,733.76,0,198.45,4,0,0,0,standard
C1931,24,86,912.35,1,348.89,3,2,0,0,premium
C1932,46,14,684.16,0,419.57,5,2,0,0,standard
C1933,65,86,809.01,0,464.85,4,2,0,0,family
C1934,72,89,842.34,1,133.7,1,1,0,1,premium
C1935,28,26,740.31,1,264.85,1,2,0,0,standard
C1936,28,102,632.59,1,485.77,5,4,0,0,standard
C1937,40,65,589.03,1,91.17,2,0,1,0,premium
C1938,50,59,385.26,1,215.47,4,1,0,0,standard
C1939,72,88,667.6,1,96.98,4,2,0,0,standard
C1940,31,64,1038.05,1,636.87,4,5,0,0,standard
C1941,29,68,548.33,1,481.91,2,1,0,1,standard
C1942,33,41,599.01,1,299.28,2,8,0,0,standard
C1943,68,111,1294.0,0,295.84,3,0,0,0,family
C1944,21,116,759.97,0,105.71,1,0,0,0,standard
C1945,40,20,970.63,0,521.75,2,3,1,0,standard
C1946,26,89,1041.31,2,155.29,3,1,0,0,premium
C1947,28,8,1045.76,1,115.29,2,2,0,1,family
C1948,70,48,565.09,1,435.7,2,2,0,0,premium
C1949,20,116,849.17,0,143.24,5,2,0,0,standard
C1950,37,25,543.99,1,119.59,2,1,0,0,family
C1951,70,48,1438.19,0,363.43,5,1,1,1,standard
C1952,53,31,549.13,0,67.24,5,0,0,0,standard
C1953,23,89,669.48,1,301.97,4,0,0,0,premium
C1954,45,58,671.07,1,217.38,1,1,0,0,standard
C1955,73,73,570.73,0,342.09,2,2,0,0,premium
C1956,42,113,1197.57,0,278.13,5,0,0,0,family
C1957,49,65,1432.94,1,913.87,1,0,0,0,standard
C1958,49,89,795.34,1,233.23,3,3,0,0,standard
C1959,56,17,609.51,0,142.87,3,0,0,0,standard
C1960,30,30,407.88,1,199.33,5,0,0,0,standard
C1961,66,113,846.3,1,275.93,5,1,0,1,premium
C1962,74,103,830.4,3,612.94,2,2,0,0,family
C1963,27,80,756.71,1,316.25,3,1,0,0,premium
C1964,65,49,948.7,2,100.63,4,1,0,0,family
C1965,64,28,986.94,2,1778.7,5,2,0,1,standard
C1966,60,103,971.08,1,407.49,3,3,0,0,standard
C1967,40,95,830.45,0,95.34,1,1,0,1,standard
C1968,45,33,657.64,0,73.31,5,1,0,0,premium
C1969,66,73,1046.48,1,60.47,3,3,0,0,standard
C1970,28,76,902.75,1,191.24,1,3,0,0,standard
C1971,65,60,1095.44,0,197.62,1,0,0,0,standard
C1972,70,111,1073.82,1,113.05,2,1,0,0,standard
C1973,57,20,587.21,1,51.73,4,2,0,0,premium
C1974,38,35,584.47,2,74.9,5,4,0,0,family
C1975,50,16,733.78,0,320.87,3,1,0,1,standard
C1976,22,84,667.62,0,157.48,1,1,0,0,standard
C1977,71,79,1066.16,2,83.29,5,2,0,0,standard
C1978,38,118,977.29,0,216.8,4,1,0,0,standard
C1979,23,67,1141.82,1,249.35,3,4,0,0,standard
C1980,63,23,987.23,2,270.07,1,2,0,0,premium
C1981,56,57,945.9,1,210.52,5,1,0,0,premium
C1982,54,16,1163.94,0,186.13,1,1,0,0,premium
C1983,22,82,1003.34,3,461.0,4,1,1,1,family
C1984,61,82,914.98,0,77.93,3,1,1,0,standard
C1985,55,103,1225.7,1,167.12,3,1,0,0,premium
C1986,63,44,925.34,0,27.8,3,1,1,0,premium
C1987,65,41,833.05,1,149.71,2,1,0,0,standard
C1988,31,14,715.68,1,228.69,3,2,0,0,standard
C1989,31,53,1054.67,1,360.88,2,2,1,0,standard
C1990,70,60,1172.15,0,28.91,3,1,0,0,standard
C1991,49,92,888.87,0,223.55,4,2,0,0,standard
C1992,44,91,1187.74,1,674.86,4,4,0,0,standard
C1993,35,21,466.6,1,285.14,1,2,0,1,family
C1994,55,38,887.8,2,64.6,5,1,1,1,family
C1995,61,64,891.18,1,149.94,1,1,0,0,premium
C1996,20,44,740.06,0,291.98,2,3,0,0,premium
C1997,50,8,1424.45,2,117.73,2,1,0,1,family
C1998,74,102,885.44,1,243.59,2,1,0,0,standard
C1999,35,89,810.3,1,232.95,2,1,0,0,standard
C2000,35,65,905.71,2,189.02,2,0,1,0,premium
