month,region,segment,new_policies,renewals,claims_count,claim_amount,satisfaction_score,churn_rate
2023-01-31,West,premium,114,87,39,101140.34,1,0.106
2023-02-28,East,premium,130,65,16,205098.36,2,0.121
2023-03-31,East,premium,83,72,22,226328.9,2,0.134
2023-04-30,West,premium,141,152,49,284798.14,5,0.184
2023-05-31,East,standard,159,62,11,266179.89,2,0.139
2023-06-30,West,premium,54,113,44,214762.1,3,0.123
2023-07-31,West,premium,56,119,27,168114.64,5,0.101
2023-08-31,North,standard,65,146,54,153967.42,2,0.062
2023-09-30,North,premium,86,83,27,165256.35,2,0.098
2023-10-31,South,standard,83,67,55,138453.39,5,0.125
2023-11-30,South,standard,149,39,14,166272.4,2,0.112
2023-12-31,West,standard,79,157,18,52773.63,4,0.125
2024-01-31,West,family,164,86,29,188943.4,4,0.152
2024-02-29,North,standard,145,43,55,178553.25,1,0.139
2024-03-31,South,family,171,37,53,308293.72,2,0.133
2024-04-30,West,standard,179,98,27,217937.05,2,0.148
2024-05-31,North,family,49,90,52,155988.99,3,0.129
2024-06-30,West,standard,135,44,42,208236.72,5,0.121
2024-07-31,North,premium,161,145,58,118711.69,1,0.141
2024-08-31,South,premium,44,54,57,149865.4,5,0.053
2024-09-30,West,standard,63,79,50,86620.26,4,0.172
2024-10-31,South,premium,81,129,37,251812.98,1,0.07
2024-11-30,South,premium,68,87,25,209667.0,1,0.155
2024-12-31,South,premium,152,38,37,121220.79,3,0.122
2025-01-31,East,family,58,116,50,176975.62,5,0.166
2025-02-28,South,standard,169,79,8,227488.41,4,0.123
2025-03-31,West,premium,90,125,25,204755.43,1,0.084
2025-04-30,South,standard,123,54,37,199113.85,2,0.165
2025-05-31,South,standard,97,108,46,137107.89,3,0.129
2025-06-30,East,standard,88,140,18,148137.74,1,0.127
2025-07-31,East,family,161,59,20,184757.62,3,0.125
2025-08-31,East,family,89,40,26,226012.78,3,0.162
2025-09-30,East,family,176,92,46,138556.66,3,0.155
2025-10-31,West,standard,128,73,25,123930.0,5,0.131
2025-11-30,West,standard,90,110,10,237201.5,2,0.06
2025-12-31,West,premium,160,141,58,133484.38,4,0.106
2026-01-31,East,premium,78,150,25,233858.09,1,0.126
2026-02-28,East,family,87,119,40,192152.74,2,0.194
2026-03-31,South,family,164,151,26,224052.37,4,0.137
2026-04-30,West,premium,66,121,44,267219.01,5,0.118
2026-05-31,South,standard,163,151,46,214433.18,4,0.17
2026-06-30,North,family,40,158,14,218801.59,4,0.118
2026-07-31,West,premium,41,53,12,134108.24,5,0.121
2026-08-31,North,family,59,33,21,145240.72,2,0.128
2026-09-30,West,premium,126,30,9,212197.33,1,0.062
2026-10-31,East,standard,159,116,53,256713.04,2,0.16
2026-11-30,North,standard,158,77,57,249605.1,3,0.139
2026-12-31,North,family,127,126,11,295833.27,1,0.111
2027-01-31,South,premium,129,142,21,195544.54,3,0.076
2027-02-28,North,standard,178,127,57,190139.19,3,0.131
2027-03-31,North,premium,172,82,37,230310.09,1,0.178
2027-04-30,East,standard,49,122,28,180945.69,2,0.097
2027-05-31,West,family,118,120,13,176876.58,1,0.08
2027-06-30,South,premium,91,39,26,127631.75,2,0.139
2027-07-31,West,standard,58,35,23,229561.01,2,0.058
2027-08-31,West,premium,151,40,33,126400.11,5,0.033
2027-09-30,West,family,115,99,40,205613.0,1,0.104
2027-10-31,East,family,132,130,29,109041.29,4,0.095
2027-11-30,South,family,112,137,16,234816.83,4,0.111
2027-12-31,East,standard,49,109,30,128559.61,3,0.1
2028-01-31,South,premium,161,153,37,222174.11,1,0.136
2028-02-29,South,family,96,64,28,100533.23,5,0.113
2028-03-31,South,family,70,61,52,158009.2,3,0.098
2028-04-30,North,premium,129,31,43,238917.27,4,0.104
2028-05-31,West,family,82,47,54,139732.72,5,0.148
2028-06-30,North,standard,136,99,20,183359.55,5,0.161
2028-07-31,North,premium,111,130,31,156078.45,2,0.158
2028-08-31,North,family,103,41,14,64528.49,5,0.15
2028-09-30,West,standard,53,138,56,195402.95,4,0.02
2028-10-31,East,family,66,127,28,201612.92,4,0.082
2028-11-30,West,standard,161,46,50,124611.39,3,0.11
2028-12-31,North,standard,175,74,9,208684.31,4,0.131
2029-01-31,East,standard,117,112,44,140215.24,2,0.058
2029-02-28,South,family,105,134,29,129830.16,4,0.179
2029-03-31,South,family,65,136,53,180342.68,3,0.134
2029-04-30,North,standard,140,42,32,145929.25,4,0.098
2029-05-31,East,family,130,38,12,294621.68,3,0.129
2029-06-30,West,standard,114,94,48,102253.92,5,0.109
2029-07-31,East,family,77,59,43,216922.0,5,0.092
2029-08-31,North,standard,51,42,10,229445.37,2,0.143
2029-09-30,East,standard,175,88,12,81036.44,3,0.104
2029-10-31,South,family,73,131,26,93375.79,2,0.066
2029-11-30,West,family,131,99,43,208119.54,4,0.097
2029-12-31,West,standard,48,102,47,155924.41,2,0.118
2030-01-31,North,premium,135,109,6,199178.14,1,0.079
2030-02-28,East,family,66,60,23,236972.35,5,0.173
2030-03-31,West,premium,137,115,56,161392.59,4,0.079
2030-04-30,West,premium,68,155,50,126801.72,5,0.193
2030-05-31,East,family,109,41,7,50000.0,5,0.158
2030-06-30,East,standard,98,118,44,190229.99,3,0.085
2030-07-31,North,premium,111,84,50,133569.22,2,0.128
2030-08-31,East,premium,85,73,7,195669.26,3,0.17
2030-09-30,South,family,87,49,26,191581.12,3,0.115
2030-10-31,North,premium,90,141,26,110776.61,1,0.075
2030-11-30,North,family,129,86,47,266193.79,2,0.127
2030-12-31,East,premium,154,79,47,234162.91,5,0.202
2031-01-31,East,premium,91,156,36,222413.57,5,0.063
2031-02-28,East,family,42,152,33,120776.35,4,0.145
2031-03-31,East,family,67,42,11,159628.49,5,0.123
2031-04-30,West,family,54,68,42,152653.52,5,0.118
2031-05-31,East,premium,128,68,31,159261.98,1,0.107
2031-06-30,South,family,153,157,59,123794.61,4,0.11
2031-07-31,East,premium,69,33,9,201732.35,5,0.164
2031-08-31,East,standard,114,38,42,191461.68,3,0.147
2031-09-30,North,family,106,139,33,198268.61,4,0.083
2031-10-31,North,family,101,125,35,154702.51,4,0.185
2031-11-30,East,premium,163,84,59,244550.91,4,0.071
2031-12-31,South,premium,77,67,51,189387.07,5,0.149
2032-01-31,East,premium,127,30,26,50000.0,1,0.13
2032-02-29,South,family,115,85,28,147994.31,5,0.171
2032-03-31,North,family,162,101,23,177149.9,2,0.137
2032-04-30,North,family,71,112,5,228266.29,2,0.165
2032-05-31,South,standard,170,74,21,164964.05,4,0.122
2032-06-30,West,family,160,35,19,167495.72,3,0.162
2032-07-31,South,premium,102,63,34,146859.19,4,0.137
2032-08-31,South,standard,155,59,37,213277.67,5,0.209
2032-09-30,East,standard,130,155,58,157620.64,5,0.095
2032-10-31,West,premium,85,43,57,149827.49,3,0.171
2032-11-30,South,standard,159,136,43,142892.2,4,0.141
2032-12-31,East,family,43,126,38,207829.07,5,0.13
2033-01-31,South,premium,59,91,21,153351.27,5,0.1
2033-02-28,East,family,164,58,20,96205.13,3,0.141
2033-03-31,South,family,151,42,32,211132.84,3,0.064
2033-04-30,East,premium,81,94,59,144933.19,5,0.068
2033-05-31,East,premium,178,131,46,197850.14,2,0.151
2033-06-30,East,family,131,72,27,198689.26,1,0.061
2033-07-31,West,premium,73,131,36,240180.35,1,0.18
2033-08-31,North,premium,160,60,17,232226.52,1,0.112
2033-09-30,East,family,178,68,10,151248.52,3,0.133
2033-10-31,South,premium,151,151,35,171680.77,1,0.126
2033-11-30,South,standard,127,106,21,115479.7,5,0.14
2033-12-31,North,family,160,95,23,263866.63,3,0.112
2034-01-31,North,standard,152,102,51,202081.36,1,0.108
2034-02-28,South,premium,108,114,11,249720.94,2,0.118
2034-03-31,West,premium,146,103,38,164050.19,5,0.165
2034-04-30,North,premium,157,121,44,77542.78,5,0.168
2034-05-31,South,standard,44,60,29,256585.63,4,0.174
2034-06-30,West,premium,104,136,43,184655.88,5,0.138
2034-07-31,West,standard,171,31,10,186659.26,2,0.115
2034-08-31,North,premium,76,64,58,182773.16,1,0.056
2034-09-30,North,family,126,70,55,212233.71,5,0.149
2034-10-31,East,standard,107,40,12,206656.66,5,0.157
2034-11-30,North,standard,122,135,37,100473.17,3,0.107
2034-12-31,South,standard,86,90,55,234344.67,3,0.155
2035-01-31,South,family,129,123,11,153552.31,4,0.175
2035-02-28,West,family,147,52,48,156647.6,5,0.127
2035-03-31,North,standard,143,159,30,266371.44,3,0.165
2035-04-30,East,premium,156,32,18,226027.93,2,0.135
2035-05-31,East,premium,75,113,59,163090.72,2,0.054
2035-06-30,North,family,59,149,31,87180.39,4,0.104
2035-07-31,West,premium,115,143,16,188081.86,5,0.107
2035-08-31,West,family,63,111,39,206932.79,1,0.144
2035-09-30,South,premium,127,157,37,175973.22,2,0.089
2035-10-31,West,standard,93,83,22,117698.05,3,0.106
2035-11-30,East,premium,140,76,45,140465.6,2,0.085
2035-12-31,West,standard,104,47,10,117238.94,2,0.122
2036-01-31,West,premium,118,120,38,190769.83,4,0.126
2036-02-29,East,standard,173,128,51,220970.85,2,0.162
2036-03-31,South,premium,127,37,46,231269.95,4,0.155
2036-04-30,North,standard,171,99,14,143388.61,2,0.13
2036-05-31,East,premium,73,110,48,191751.26,3,0.133
2036-06-30,North,family,175,52,31,207703.49,3,0.127
2036-07-31,West,family,70,96,10,154442.54,5,0.128
2036-08-31,West,premium,142,157,29,172574.63,3,0.185
2036-09-30,North,premium,46,133,20,286193.32,5,0.024
2036-10-31,East,standard,134,153,54,190256.15,3,0.116
2036-11-30,North,standard,163,98,25,224147.95,2,0.136
2036-12-31,North,premium,77,150,35,158258.29,4,0.168
2037-01-31,South,family,62,155,40,182087.87,3,0.079
2037-02-28,West,standard,92,137,28,94283.55,5,0.137
2037-03-31,West,standard,49,87,12,178746.51,5,0.158
2037-04-30,East,standard,40,99,58,239613.9,5,0.105
2037-05-31,East,family,99,90,19,284944.93,4,0.047
2037-06-30,East,family,156,69,24,239832.05,4,0.109
2037-07-31,North,standard,96,103,24,214342.8,3,0.075
2037-08-31,South,family,78,114,44,182648.22,2,0.149
2037-09-30,West,standard,71,138,9,150001.54,4,0.089
2037-10-31,South,standard,51,49,17,171986.42,3,0.194
2037-11-30,North,premium,95,96,54,210641.8,4,0.129
2037-12-31,North,premium,84,110,46,140742.85,3,0.091
2038-01-31,East,premium,102,109,36,226656.25,2,0.103
2038-02-28,North,standard,85,38,46,130794.2,2,0.079
2038-03-31,West,family,122,125,23,91037.8,4,0.139
2038-04-30,West,premium,141,31,50,129395.05,2,0.183
2038-05-31,East,family,41,113,49,96730.97,5,0.114
2038-06-30,South,premium,40,123,31,111383.21,2,0.16
2038-07-31,West,family,78,69,44,236606.67,3,0.085
2038-08-31,East,standard,72,74,17,169992.41,3,0.135
2038-09-30,South,premium,52,66,20,190929.01,4,0.215
2038-10-31,South,premium,165,120,39,237905.68,1,0.067
2038-11-30,South,family,52,57,7,242955.08,3,0.172
2038-12-31,West,premium,159,131,55,154770.22,3,0.17
2039-01-31,North,family,49,68,46,246428.23,2,0.048
2039-02-28,North,premium,128,138,22,199229.89,3,0.066
2039-03-31,East,family,93,155,19,180166.33,5,0.084
2039-04-30,South,standard,118,110,6,202104.95,1,0.162
2039-05-31,West,standard,113,32,24,108718.67,5,0.106
2039-06-30,North,family,71,140,15,140694.94,2,0.116
2039-07-31,West,standard,54,128,53,174592.88,3,0.151
2039-08-31,North,standard,162,115,56,210485.38,5,0.128
2039-09-30,South,premium,142,147,16,161398.45,2,0.132
2039-10-31,West,family,146,150,5,173634.06,3,0.11
2039-11-30,North,standard,126,88,17,228471.73,2,0.168
2039-12-31,East,standard,111,146,7,250585.08,1,0.092
2040-01-31,East,family,159,97,44,218356.65,1,0.19
2040-02-29,South,standard,62,35,10,243421.1,3,0.11
2040-03-31,North,family,124,97,16,159782.01,1,0.091
2040-04-30,East,standard,70,64,54,164678.25,4,0.149
2040-05-31,South,standard,131,125,45,195917.68,2,0.141
2040-06-30,West,family,93,80,26,164946.39,1,0.044
2040-07-31,East,premium,99,125,12,154643.52,5,0.132
2040-08-31,South,standard,86,62,43,262607.22,3,0.069
2040-09-30,North,premium,123,139,21,169940.95,4,0.09
2040-10-31,East,premium,48,52,43,131699.29,2,0.154
2040-11-30,South,standard,148,56,50,204369.88,5,0.088
2040-12-31,East,family,96,143,28,271789.74,3,0.137
2041-01-31,West,premium,177,125,12,184040.46,5,0.108
2041-02-28,South,family,102,33,45,241568.65,5,0.2
2041-03-31,West,family,57,88,52,158107.62,5,0.119
2041-04-30,East,standard,80,53,30,155434.3,2,0.076
2041-05-31,East,family,104,145,27,145508.95,2,0.079
2041-06-30,West,premium,93,128,34,172829.48,1,0.087
2041-07-31,West,family,77,129,53,271817.35,5,0.128
2041-08-31,West,premium,86,59,21,122225.24,1,0.123
2041-09-30,West,standard,142,123,22,261861.94,2,0.162
2041-10-31,North,family,92,63,5,129577.62,4,0.129
2041-11-30,South,standard,61,109,6,168309.43,3,0.128
2041-12-31,West,premium,126,155,37,221789.57,1,0.136
2042-01-31,South,premium,143,133,58,211513.29,3,0.118
2042-02-28,North,standard,109,129,19,194101.51,3,0.134
2042-03-31,East,family,141,50,19,97531.7,2,0.154
2042-04-30,West,standard,67,88,20,198111.71,5,0.154
2042-05-31,East,premium,60,104,22,128881.76,1,0.101
2042-06-30,West,standard,151,47,53,308445.46,4,0.052
2042-07-31,East,family,150,112,56,169328.57,3,0.09
2042-08-31,North,premium,111,64,24,189435.99,4,0.134
2042-09-30,West,standard,107,159,30,122664.93,4,0.023
2042-10-31,South,standard,104,157,10,156055.99,1,0.104
2042-11-30,West,family,70,98,16,115447.89,3,0.141
2042-12-31,West,standard,139,132,39,229076.64,3,0.1
2043-01-31,West,family,93,154,7,166901.38,4,0.078
2043-02-28,North,standard,145,39,34,208133.04,2,0.193
2043-03-31,West,premium,101,55,34,145770.64,3,0.178
2043-04-30,East,standard,158,121,8,154942.88,3,0.112
2043-05-31,South,premium,158,54,31,244409.03,1,0.175
2043-06-30,West,standard,153,78,24,131415.34,1,0.174
2043-07-31,West,standard,77,145,12,89927.8,5,0.077
2043-08-31,East,family,133,123,38,200312.01,1,0.23
2043-09-30,North,family,145,88,52,122933.34,1,0.085
2043-10-31,East,premium,140,68,20,158026.68,5,0.112
2043-11-30,North,family,163,84,35,225579.17,5,0.079
2043-12-31,North,standard,61,46,59,139070.18,5,0.125
2044-01-31,North,premium,131,139,52,223922.5,1,0.07
2044-02-29,North,family,137,32,48,145938.73,1,0.122
2044-03-31,West,family,90,46,25,254533.94,1,0.166
2044-04-30,South,standard,75,68,32,246255.15,5,0.131
2044-05-31,North,premium,119,81,7,156430.23,3,0.112
2044-06-30,North,standard,76,141,55,169338.59,1,0.184
2044-07-31,South,premium,122,127,5,138403.22,5,0.086
2044-08-31,South,family,56,145,6,190000.1,2,0.161
2044-09-30,South,premium,95,119,7,237458.52,1,0.11
2044-10-31,West,family,95,118,17,107662.16,5,0.131
2044-11-30,West,standard,142,58,54,225872.42,5,0.123
2044-12-31,East,premium,42,127,55,113803.17,5,0.127
2045-01-31,West,family,90,85,34,137013.97,4,0.12
2045-02-28,South,standard,131,55,32,90614.81,3,0.091
2045-03-31,North,family,109,139,23,285247.28,4,0.099
2045-04-30,South,standard,144,76,14,182935.09,4,0.14
2045-05-31,North,premium,161,156,40,192237.63,2,0.118
2045-06-30,West,standard,148,146,36,146194.22,2,0.075
2045-07-31,North,family,86,136,32,233348.33,2,0.094
2045-08-31,South,standard,58,158,45,74841.16,5,0.094
2045-09-30,North,family,52,67,19,181333.27,4,0.12
2045-10-31,West,standard,129,87,38,290336.24,2,0.129
2045-11-30,North,standard,57,55,50,160897.3,1,0.125
2045-12-31,East,standard,157,130,7,180857.38,2,0.096
2046-01-31,West,family,121,81,27,213611.65,4,0.122
2046-02-28,East,premium,45,151,7,139427.47,1,0.067
2046-03-31,West,standard,150,50,12,181142.26,4,0.02
2046-04-30,West,standard,67,159,27,228049.76,4,0.119
2046-05-31,West,standard,178,54,29,189719.58,5,0.055
2046-06-30,East,standard,77,68,5,198549.35,3,0.084
2046-07-31,East,family,117,154,9,162528.28,2,0.073
2046-08-31,East,family,104,115,9,195780.05,5,0.147
2046-09-30,West,premium,89,91,55,182788.28,4,0.073
2046-10-31,South,premium,64,80,40,252753.24,1,0.132
2046-11-30,West,premium,48,66,22,216219.73,4,0.102
2046-12-31,West,standard,115,90,29,167815.91,5,0.072
2047-01-31,South,standard,177,58,30,57659.38,3,0.058
2047-02-28,South,standard,88,90,9,215786.11,5,0.14
2047-03-31,East,premium,82,103,18,217763.28,5,0.137
2047-04-30,West,family,131,66,53,134154.6,4,0.152
2047-05-31,North,premium,179,76,14,80081.58,5,0.194
2047-06-30,North,family,114,32,25,122909.65,1,0.132
2047-07-31,North,standard,175,145,30,226309.44,3,0.132
2047-08-31,South,premium,136,129,53,126760.93,1,0.116
2047-09-30,North,family,151,158,57,157023.74,5,0.125
2047-10-31,East,premium,74,120,38,191019.7,1,0.107
2047-11-30,East,standard,117,159,43,241218.4,3,0.085
2047-12-31,West,standard,138,139,39,179092.14,2,0.201
2048-01-31,East,family,90,54,33,174980.63,1,0.046
2048-02-29,South,standard,142,49,28,152557.53,4,0.131
2048-03-31,West,standard,94,115,24,261532.64,4,0.138
2048-04-30,West,premium,141,60,41,233297.52,1,0.127
2048-05-31,East,family,103,127,17,175243.83,1,0.082
2048-06-30,East,family,49,107,18,110171.05,3,0.113
2048-07-31,South,family,53,157,39,140485.52,1,0.102
2048-08-31,East,family,172,151,19,208974.08,1,0.078
2048-09-30,North,family,129,138,30,143926.12,3,0.119
2048-10-31,East,premium,120,91,53,224613.65,4,0.104
2048-11-30,West,premium,147,120,13,198072.93,2,0.098
2048-12-31,West,premium,78,56,16,194632.57,1,0.148
2049-01-31,South,standard,91,149,58,212672.24,5,0.078
2049-02-28,South,standard,100,107,26,204929.39,4,0.138
2049-03-31,East,standard,132,109,31,137241.12,3,0.096
2049-04-30,South,family,112,154,45,163708.5,4,0.137
2049-05-31,East,standard,78,89,59,296990.8,2,0.123
2049-06-30,North,standard,112,142,23,119607.17,1,0.13
2049-07-31,North,standard,92,126,32,156272.75,1,0.081
2049-08-31,North,standard,74,146,25,233284.89,4,0.089
2049-09-30,South,premium,66,48,52,172036.97,5,0.086
2049-10-31,North,family,77,83,55,139393.9,2,0.127
2049-11-30,South,family,115,108,8,113841.31,2,0.15
2049-12-31,West,family,90,64,16,206801.4,3,0.163
2050-01-31,West,family,99,77,39,230994.62,1,0.1
2050-02-28,West,family,149,143,18,249994.68,3,0.123
2050-03-31,East,standard,137,144,13,182689.43,4,0.055
2050-04-30,North,premium,101,132,53,232249.39,2,0.031
2050-05-31,East,premium,120,60,55,128352.95,2,0.085
2050-06-30,East,standard,45,140,20,188401.07,3,0.093
2050-07-31,West,family,97,41,38,146130.65,4,0.058
2050-08-31,South,standard,103,80,23,188691.94,4,0.049
2050-09-30,North,standard,81,42,13,217535.68,4,0.141
2050-10-31,East,family,68,67,53,233486.31,5,0.088
2050-11-30,South,standard,143,131,5,130504.69,3,0.052
2050-12-31,East,family,41,61,22,243374.36,5,0.212
2051-01-31,South,family,176,93,7,156280.69,2,0.126
2051-02-28,South,standard,176,143,59,128713.36,3,0.107
2051-03-31,North,family,127,64,34,171469.79,2,0.146
2051-04-30,West,family,81,149,50,106872.36,5,0.089
2051-05-31,West,family,81,104,27,180228.91,3,0.183
2051-06-30,South,premium,115,77,51,194485.21,1,0.058
2051-07-31,North,family,133,111,36,169981.5,4,0.067
2051-08-31,East,standard,90,143,17,206808.23,5,0.114
2051-09-30,South,premium,101,72,5,164265.95,4,0.089
2051-10-31,East,premium,47,79,16,180202.55,1,0.175
2051-11-30,North,premium,164,40,59,107966.79,2,0.055
2051-12-31,North,standard,166,88,46,182133.61,5,0.09
2052-01-31,East,family,76,72,53,137448.18,1,0.129
2052-02-29,North,premium,170,103,50,157511.07,4,0.141
2052-03-31,East,family,158,110,39,175316.05,2,0.159
2052-04-30,South,standard,66,58,17,189548.88,2,0.133
2052-05-31,North,standard,61,74,27,97666.72,4,0.207
2052-06-30,West,family,98,64,16,101828.69,4,0.1
2052-07-31,East,family,136,40,54,164901.25,4,0.126
2052-08-31,West,premium,92,64,18,203719.3,5,0.153
2052-09-30,West,premium,142,118,49,198012.07,2,0.106
2052-10-31,East,family,63,63,12,224639.02,1,0.107
2052-11-30,West,family,169,83,26,245053.82,2,0.1
2052-12-31,North,family,132,97,28,204821.67,4,0.093
2053-01-31,West,family,75,31,45,179006.89,3,0.074
2053-02-28,West,standard,149,43,32,128427.11,1,0.096
2053-03-31,East,family,97,36,50,132696.61,3,0.057
2053-04-30,West,standard,146,131,39,156641.48,4,0.134
2053-05-31,East,family,138,68,5,193374.33,3,0.055
2053-06-30,West,family,134,52,8,191036.78,1,0.201
2053-07-31,West,premium,56,51,28,180212.19,5,0.186
2053-08-31,East,premium,42,87,15,172363.87,4,0.162
2053-09-30,West,standard,137,43,17,211524.81,3,0.11
2053-10-31,West,standard,72,113,11,190416.62,1,0.095
2053-11-30,South,standard,49,121,58,194892.34,4,0.167
2053-12-31,North,standard,112,47,19,195421.86,3,0.126
2054-01-31,North,premium,170,158,42,152685.35,4,0.141
2054-02-28,North,family,138,83,15,128458.12,5,0.09
2054-03-31,South,family,82,138,12,204556.39,4,0.161
2054-04-30,North,premium,94,103,56,200836.37,2,0.086
2054-05-31,South,family,137,143,31,168998.7,1,0.122
2054-06-30,South,standard,102,101,25,159212.95,5,0.049
2054-07-31,East,premium,118,71,15,293921.2,1,0.092
2054-08-31,North,premium,157,146,12,142039.55,3,0.138
2054-09-30,West,standard,47,146,7,169122.79,2,0.1
2054-10-31,North,premium,43,132,41,193275.47,1,0.1
2054-11-30,West,premium,164,117,10,122288.47,3,0.15
2054-12-31,East,premium,77,45,58,185861.8,5,0.115
2055-01-31,North,family,155,129,20,269887.46,2,0.168
2055-02-28,North,family,80,138,48,226693.41,1,0.022
2055-03-31,South,premium,158,114,22,211610.02,2,0.141
2055-04-30,East,family,178,101,40,209621.4,3,0.138
2055-05-31,North,standard,168,115,39,185598.21,2,0.056
2055-06-30,North,standard,71,118,25,227919.65,5,0.066
2055-07-31,North,premium,112,44,16,172206.91,2,0.153
2055-08-31,East,standard,46,50,27,158859.67,5,0.075
2055-09-30,North,standard,77,66,23,185102.13,2,0.093
2055-10-31,North,premium,98,91,21,225284.83,3,0.142
2055-11-30,South,family,45,80,17,196521.28,2,0.105
2055-12-31,South,family,130,120,49,213726.95,2,0.137
2056-01-31,East,family,66,109,24,78794.04,2,0.083
2056-02-29,West,premium,61,133,49,239652.87,3,0.13
2056-03-31,West,family,131,57,39,297030.09,4,0.161
2056-04-30,East,family,157,134,31,246745.2,2,0.131
2056-05-31,East,family,179,59,44,164119.0,1,0.03
2056-06-30,West,premium,67,58,52,137577.84,2,0.144
2056-07-31,South,standard,148,148,13,193873.21,5,0.12
2056-08-31,East,standard,138,138,40,130651.21,2,0.082
2056-09-30,North,premium,153,43,19,216283.58,5,0.173
2056-10-31,East,family,62,103,42,153729.48,2,0.048
2056-11-30,North,premium,107,153,32,228033.18,1,0.193
2056-12-31,North,standard,163,116,19,248106.81,1,0.093
2057-01-31,West,premium,120,102,25,78387.4,3,0.181
2057-02-28,East,family,68,140,18,194638.9,4,0.116
2057-03-31,South,family,40,107,42,145085.94,3,0.065
2057-04-30,North,standard,142,82,17,109511.0,1,0.122
2057-05-31,North,standard,49,148,53,149132.85,5,0.131
2057-06-30,West,premium,157,149,55,169053.31,3,0.139
2057-07-31,South,premium,132,150,16,231684.36,4,0.16
2057-08-31,West,family,75,144,49,103929.64,2,0.082
2057-09-30,West,premium,69,63,31,232540.63,1,0.137
2057-10-31,West,premium,52,135,54,280903.15,4,0.147
2057-11-30,North,standard,87,71,35,209872.05,5,0.107
2057-12-31,North,standard,122,79,50,207297.06,3,0.081
2058-01-31,East,premium,82,105,54,179328.87,3,0.08
2058-02-28,South,premium,109,98,49,121247.99,3,0.148
2058-03-31,West,standard,127,144,27,206741.37,1,0.15
2058-04-30,South,premium,107,52,28,199201.37,4,0.085
2058-05-31,North,standard,74,107,21,216579.65,4,0.064
2058-06-30,North,standard,149,128,47,308442.02,3,0.167
2058-07-31,South,premium,140,87,9,216389.05,1,0.056
2058-08-31,East,standard,104,145,14,201285.58,5,0.124
2058-09-30,North,family,65,127,14,258096.57,3,0.086
2058-10-31,West,standard,109,50,41,112739.2,3,0.048
2058-11-30,South,family,90,49,29,122864.87,4,0.123
2058-12-31,South,premium,108,126,7,161239.68,5,0.11
2059-01-31,East,family,57,79,27,147253.54,5,0.175
2059-02-28,West,premium,103,120,58,214696.67,5,0.208
2059-03-31,South,family,47,128,23,164127.94,3,0.11
2059-04-30,West,premium,96,34,53,266996.69,4,0.159
2059-05-31,South,family,137,121,24,256022.37,4,0.159
2059-06-30,North,standard,62,149,14,218503.55,2,0.097
2059-07-31,West,family,57,137,7,160700.41,5,0.083
2059-08-31,West,premium,81,92,47,210847.53,3,0.182
2059-09-30,West,family,166,91,31,220552.97,5,0.103
2059-10-31,West,standard,77,64,50,126671.42,1,0.117
2059-11-30,South,premium,171,94,41,197438.99,2,0.106
2059-12-31,North,family,74,33,7,215305.69,4,0.112
2060-01-31,East,standard,48,55,37,190823.19,4,0.094
2060-02-29,East,family,149,131,36,258555.51,4,0.148
2060-03-31,South,family,56,70,12,240708.15,2,0.168
2060-04-30,East,premium,55,73,28,138720.88,5,0.103
2060-05-31,South,family,114,120,26,186224.12,1,0.063
2060-06-30,East,premium,68,96,39,138223.7,1,0.12
2060-07-31,West,premium,124,87,41,208977.8,5,0.059
2060-08-31,North,family,113,55,53,136642.59,1,0.092
2060-09-30,South,family,139,74,8,226165.56,5,0.167
2060-10-31,East,standard,83,108,44,199407.26,4,0.21
2060-11-30,North,premium,79,109,17,228541.73,1,0.133
2060-12-31,East,family,73,81,16,172745.77,4,0.075
2061-01-31,West,premium,144,118,24,107185.34,3,0.149
2061-02-28,West,standard,92,134,35,268291.76,1,0.028
2061-03-31,East,family,159,42,6,171371.57,2,0.09
2061-04-30,West,family,110,116,35,248834.5,1,0.178
2061-05-31,South,premium,151,123,50,201509.12,1,0.147
2061-06-30,South,premium,134,123,5,213695.62,2,0.063
2061-07-31,North,premium,136,67,53,271487.46,2,0.052
2061-08-31,East,premium,176,62,12,197011.77,2,0.152
2061-09-30,South,standard,103,86,50,250011.57,2,0.116
2061-10-31,West,family,159,38,24,105783.72,1,0.094
2061-11-30,South,premium,155,69,24,223555.01,5,0.134
2061-12-31,West,standard,100,144,14,167905.65,1,0.095
2062-01-31,North,standard,137,138,35,173296.63,3,0.041
2062-02-28,North,family,103,151,18,180435.82,2,0.15
2062-03-31,South,family,133,33,15,197326.36,3,0.092
2062-04-30,North,premium,98,113,42,262858.02,1,0.078
2062-05-31,South,premium,109,37,45,87314.34,4,0.065
2062-06-30,East,premium,73,149,57,182202.01,1,0.128
2062-07-31,East,family,128,97,34,144175.65,5,0.086
2062-08-31,North,premium,173,121,30,238290.7,1,0.143
2062-09-30,North,family,89,60,43,158845.41,4,0.107
2062-10-31,East,standard,49,108,40,202838.5,2,0.161
2062-11-30,East,premium,139,139,55,160124.81,1,0.102
2062-12-31,West,standard,68,84,46,213402.93,4,0.092
2063-01-31,West,premium,137,132,54,230740.17,5,0.039
2063-02-28,South,premium,132,76,42,160130.0,4,0.074
2063-03-31,North,standard,172,59,56,182453.78,5,0.146
2063-04-30,South,standard,122,93,41,108981.99,4,0.239
2063-05-31,West,premium,56,118,34,195269.99,5,0.068
2063-06-30,South,family,79,58,5,222813.4,3,0.076
2063-07-31,West,standard,77,97,20,152229.75,4,0.131
2063-08-31,East,family,171,85,52,236018.14,1,0.137
2063-09-30,East,premium,160,141,41,76334.48,4,0.091
2063-10-31,North,family,97,95,13,87433.23,1,0.121
2063-11-30,East,standard,162,32,7,110587.88,2,0.054
2063-12-31,South,family,123,34,14,155760.26,1,0.106
2064-01-31,West,premium,84,96,15,180930.93,1,0.154
2064-02-29,North,family,52,81,33,176056.77,5,0.183
2064-03-31,North,family,167,38,19,176645.4,2,0.111
2064-04-30,East,standard,164,66,37,216178.8,5,0.107
2064-05-31,East,standard,144,74,45,156394.01,4,0.136
2064-06-30,West,family,54,112,46,116821.22,3,0.162
2064-07-31,East,premium,118,57,47,117810.65,5,0.137
2064-08-31,South,standard,95,135,21,285633.25,4,0.088
2064-09-30,South,premium,135,119,56,62394.19,5,0.132
2064-10-31,South,family,163,109,56,171183.57,4,0.156
2064-11-30,East,standard,114,122,9,252895.35,1,0.089
2064-12-31,East,family,172,116,39,204168.28,5,0.065
2065-01-31,South,standard,67,42,27,138522.19,3,0.138
2065-02-28,North,premium,166,109,51,180109.3,2,0.132
2065-03-31,East,premium,162,56,42,223195.94,1,0.156
2065-04-30,North,premium,155,63,31,240407.44,5,0.121
2065-05-31,North,premium,173,132,24,135032.94,4,0.092
2065-06-30,South,standard,72,78,8,218022.91,4,0.1
2065-07-31,West,standard,67,132,24,192625.03,3,0.077
2065-08-31,South,premium,44,139,5,235220.24,2,0.08
2065-09-30,East,family,145,62,57,249520.77,3,0.096
2065-10-31,North,standard,103,152,40,162834.73,2,0.099
2065-11-30,South,premium,80,87,34,107520.36,4,0.162
2065-12-31,West,standard,48,53,28,199791.83,1,0.069
2066-01-31,West,premium,77,66,40,268831.07,4,0.116
2066-02-28,East,standard,174,31,29,214279.11,3,0.094
2066-03-31,West,standard,49,52,55,191508.14,1,0.177
2066-04-30,South,family,41,154,22,300052.28,5,0.128
2066-05-31,North,family,75,49,29,127998.71,3,0.103
2066-06-30,North,family,85,141,14,225149.51,4,0.15
2066-07-31,North,family,67,115,44,151478.12,5,0.121
2066-08-31,West,standard,68,108,31,182481.72,1,0.099
2066-09-30,West,family,116,144,20,184482.18,3,0.179
2066-10-31,North,standard,41,136,19,255731.83,1,0.146
2066-11-30,East,standard,177,97,51,133199.31,3,0.187
2066-12-31,North,standard,109,107,54,153245.61,2,0.164
2067-01-31,West,family,91,158,16,100352.4,5,0.149
2067-02-28,North,standard,50,147,14,204359.96,1,0.123
2067-03-31,East,family,67,73,36,157088.41,3,0.075
2067-04-30,North,standard,165,61,58,201098.35,1,0.146
2067-05-31,East,family,86,34,37,126336.71,5,0.121
2067-06-30,West,premium,136,87,52,162030.82,4,0.145
2067-07-31,East,standard,62,110,47,231946.45,3,0.118
2067-08-31,South,premium,91,117,26,171284.04,2,0.091
2067-09-30,West,standard,85,159,20,211281.96,2,0.078
2067-10-31,South,premium,157,58,47,206416.33,3,0.146
2067-11-30,West,family,95,94,36,162341.37,1,0.17
2067-12-31,West,standard,151,122,36,102012.7,2,0.107
2068-01-31,South,family,169,42,7,229270.0,1,0.136
2068-02-29,East,premium,85,64,30,188535.37,5,0.173
2068-03-31,West,premium,69,125,47,229164.0,4,0.085
2068-04-30,North,standard,158,122,49,79365.58,3,0.105
2068-05-31,North,family,169,56,34,97269.53,4,0.074
2068-06-30,South,premium,170,134,50,72863.63,1,0.165
2068-07-31,North,family,58,143,49,136158.12,4,0.129
2068-08-31,West,premium,126,85,16,232097.5,4,0.1
2068-09-30,West,family,56,72,44,208299.6,4,0.052
2068-10-31,South,family,89,158,54,178292.3,2,0.111
2068-11-30,South,family,96,64,31,186562.01,2,0.158
2068-12-31,East,standard,166,112,6,218039.41,3,0.107
2069-01-31,South,premium,142,77,58,164892.48,5,0.101
2069-02-28,North,family,172,128,5,199803.45,2,0.144
2069-03-31,East,premium,156,110,9,186997.73,5,0.069
2069-04-30,East,standard,88,32,31,70647.87,3,0.12
2069-05-31,North,premium,161,36,23,160758.56,4,0.142
2069-06-30,West,family,52,44,21,247937.81,2,0.087
2069-07-31,East,premium,68,158,56,160206.97,2,0.085
2069-08-31,West,premium,161,122,28,172845.53,2,0.128
2069-09-30,West,family,47,72,9,149656.69,2,0.114
2069-10-31,East,premium,133,152,31,155768.39,1,0.109
2069-11-30,South,standard,164,69,19,236200.61,2,0.127
2069-12-31,South,family,72,111,30,166595.7,5,0.127
2070-01-31,East,premium,137,92,50,128902.55,1,0.082
2070-02-28,North,family,119,148,54,50000.0,2,0.092
2070-03-31,North,family,138,92,44,151364.83,2,0.136
2070-04-30,East,standard,83,37,55,81659.16,2,0.163
2070-05-31,West,family,56,81,17,88812.53,5,0.172
2070-06-30,West,standard,168,145,24,219758.9,3,0.085
2070-07-31,West,standard,54,81,48,215433.78,5,0.162
2070-08-31,North,family,87,144,20,84139.37,1,0.149
2070-09-30,South,standard,40,33,36,222573.97,4,0.117
2070-10-31,South,standard,67,111,40,202967.92,2,0.138
2070-11-30,East,family,131,49,22,140821.56,5,0.151
2070-12-31,East,standard,46,85,15,216719.05,3,0.19
2071-01-31,North,premium,70,99,5,98667.87,4,0.077
2071-02-28,East,family,87,121,27,119778.51,3,0.142
2071-03-31,East,premium,86,124,27,108015.57,2,0.113
2071-04-30,West,standard,178,61,44,124424.81,3,0.11
2071-05-31,East,family,66,120,45,223934.44,4,0.164
2071-06-30,North,standard,70,116,5,113318.54,2,0.151
2071-07-31,West,standard,146,31,31,122435.09,4,0.078
2071-08-31,North,standard,104,120,47,132415.09,4,0.107
2071-09-30,North,family,109,151,58,189773.19,5,0.128
2071-10-31,West,standard,176,100,45,163015.29,4,0.063
2071-11-30,South,premium,68,55,20,223116.97,3,0.153
2071-12-31,East,premium,40,63,26,144431.98,2,0.116
2072-01-31,North,premium,163,130,25,115528.62,3,0.125
2072-02-29,East,premium,81,30,18,154792.84,2,0.132
2072-03-31,South,standard,84,51,5,181742.77,1,0.19
2072-04-30,West,standard,154,55,34,133294.6,4,0.12
2072-05-31,East,premium,127,60,19,193699.56,5,0.105
2072-06-30,West,standard,53,138,21,270567.45,3,0.188
2072-07-31,West,family,165,45,25,150588.72,5,0.099
2072-08-31,West,family,169,57,50,181814.52,5,0.098
2072-09-30,North,premium,41,145,44,247165.19,1,0.064
2072-10-31,West,family,156,39,37,147109.8,1,0.162
2072-11-30,East,premium,64,68,45,137097.07,5,0.13
2072-12-31,South,premium,60,62,21,124721.41,3,0.137
2073-01-31,South,premium,147,133,26,199264.21,3,0.125
2073-02-28,East,standard,122,97,49,205040.51,2,0.113
2073-03-31,North,standard,101,49,39,171840.86,2,0.088
2073-04-30,North,premium,117,106,38,181329.22,2,0.088
2073-05-31,West,standard,68,147,16,242854.9,4,0.136
2073-06-30,West,premium,137,144,12,222482.44,5,0.124
2073-07-31,East,standard,89,150,17,108988.41,2,0.183
2073-08-31,West,premium,82,141,27,178525.17,2,0.089
2073-09-30,South,family,118,142,19,184208.51,2,0.1
2073-10-31,East,family,93,155,31,214897.66,4,0.078
2073-11-30,North,premium,49,108,19,167677.02,4,0.173
2073-12-31,South,premium,73,144,56,146529.97,5,0.07
2074-01-31,North,family,177,72,58,155849.04,3,0.149
2074-02-28,South,premium,80,88,22,89807.59,5,0.176
2074-03-31,South,family,95,73,45,177392.3,3,0.113
2074-04-30,South,standard,64,48,29,148798.66,1,0.148
2074-05-31,South,family,47,37,48,201916.69,3,0.035
2074-06-30,North,premium,166,154,58,127237.43,1,0.104
2074-07-31,South,standard,123,118,50,156709.36,5,0.053
2074-08-31,West,family,164,59,28,129538.04,1,0.126
2074-09-30,South,premium,156,73,32,125123.95,4,0.119
2074-10-31,East,family,90,110,50,213365.67,2,0.088
2074-11-30,North,family,107,47,25,155089.44,1,0.156
2074-12-31,South,standard,137,64,10,200507.76,5,0.133
2075-01-31,West,family,148,41,25,122298.81,3,0.098
2075-02-28,East,family,108,136,26,183075.62,4,0.099
2075-03-31,North,premium,45,80,9,93733.42,4,0.061
2075-04-30,East,family,79,56,15,154233.18,1,0.112
2075-05-31,West,family,83,55,26,152975.13,5,0.203
2075-06-30,South,premium,88,84,53,207197.37,1,0.091
2075-07-31,North,family,122,119,27,187028.54,1,0.136
2075-08-31,West,premium,175,58,35,169248.92,4,0.097
2075-09-30,South,family,60,56,21,219840.53,1,0.151
2075-10-31,West,family,87,141,17,187499.18,4,0.136
2075-11-30,South,premium,77,30,14,204795.87,4,0.11
2075-12-31,South,standard,121,110,10,216201.58,1,0.048
2076-01-31,West,family,154,31,8,174555.26,1,0.099
2076-02-29,North,premium,172,112,28,163184.98,3,0.166
2076-03-31,North,premium,111,64,36,194179.66,3,0.109
2076-04-30,West,family,81,70,10,156989.29,1,0.144
2076-05-31,West,family,70,95,54,197169.14,4,0.1
2076-06-30,West,premium,153,52,31,233137.38,2,0.045
2076-07-31,North,premium,46,125,53,220455.9,3,0.136
2076-08-31,North,family,55,141,45,158710.51,1,0.132
2076-09-30,South,premium,48,85,27,113577.53,3,0.096
2076-10-31,East,premium,142,129,22,174952.7,5,0.104
2076-11-30,West,standard,159,129,19,171455.5,1,0.13
2076-12-31,West,premium,152,125,14,232938.7,3,0.096
2077-01-31,South,family,78,129,32,158598.02,1,0.133
2077-02-28,West,standard,157,159,24,167263.25,4,0.111
2077-03-31,South,family,40,60,32,214399.91,2,0.026
2077-04-30,North,family,176,102,14,153849.37,2,0.113
2077-05-31,South,family,123,153,42,169722.74,2,0.095
2077-06-30,North,standard,139,53,51,263220.66,2,0.086
2077-07-31,East,family,53,75,35,252023.3,1,0.135
2077-08-31,West,family,176,109,10,209083.68,4,0.1
2077-09-30,North,family,94,41,13,191054.52,2,0.14
2077-10-31,North,premium,78,67,45,129288.78,4,0.162
2077-11-30,North,premium,159,70,22,205514.46,5,0.125
2077-12-31,North,family,113,96,23,180540.05,5,0.058
2078-01-31,East,family,58,101,57,188656.36,3,0.09
2078-02-28,East,family,69,89,45,151767.06,2,0.155
2078-03-31,West,standard,90,135,28,177041.09,2,0.109
2078-04-30,South,standard,51,103,47,168444.54,2,0.087
2078-05-31,West,standard,110,126,20,193383.33,5,0.116
2078-06-30,West,family,101,149,12,248896.23,3,0.139
2078-07-31,West,premium,130,103,30,195679.66,5,0.129
2078-08-31,North,premium,140,135,46,94893.55,2,0.145
2078-09-30,South,premium,58,90,20,129212.72,1,0.087
2078-10-31,West,standard,148,83,57,98592.05,5,0.108
2078-11-30,West,family,155,35,21,138036.07,1,0.109
2078-12-31,North,premium,42,136,36,205516.08,2,0.118
2079-01-31,West,standard,146,41,15,197625.41,4,0.036
2079-02-28,West,standard,171,141,40,147724.12,2,0.11
2079-03-31,North,standard,94,50,15,190911.92,5,0.066
2079-04-30,North,premium,74,130,22,139840.59,3,0.174
2079-05-31,South,family,117,157,8,106725.02,2,0.181
2079-06-30,South,standard,80,101,14,107439.19,3,0.186
2079-07-31,North,premium,69,129,11,134737.74,2,0.151
2079-08-31,North,premium,156,146,45,248480.8,2,0.1
2079-09-30,North,premium,124,139,44,110683.87,1,0.157
2079-10-31,South,standard,165,93,50,239619.19,1,0.111
2079-11-30,South,family,140,148,22,243827.27,1,0.143
2079-12-31,South,premium,143,43,16,168476.4,4,0.084
2080-01-31,South,standard,150,42,15,175102.49,1,0.096
2080-02-29,East,family,86,65,11,146949.03,1,0.138
2080-03-31,North,premium,58,159,9,176295.55,1,0.189
2080-04-30,South,family,104,115,24,210362.23,5,0.118
2080-05-31,East,family,176,54,12,177956.21,5,0.208
2080-06-30,North,standard,156,79,39,227243.2,2,0.228
2080-07-31,West,family,141,31,37,236686.67,3,0.069
2080-08-31,West,premium,90,84,25,194608.29,2,0.118
2080-09-30,South,premium,69,108,11,193785.4,2,0.082
2080-10-31,West,standard,152,82,58,174383.81,3,0.114
2080-11-30,South,family,101,95,17,194725.29,5,0.098
2080-12-31,West,premium,149,54,48,121834.61,5,0.117
2081-01-31,East,standard,69,39,54,197665.66,1,0.157
2081-02-28,North,family,105,42,55,187669.21,2,0.156
2081-03-31,North,premium,151,118,37,134396.31,4,0.13
2081-04-30,South,standard,165,36,37,284799.02,3,0.119
2081-05-31,East,premium,46,54,50,128915.48,2,0.124
2081-06-30,North,family,93,117,46,134050.86,3,0.124
2081-07-31,East,family,77,133,41,191292.8,2,0.142
2081-08-31,North,premium,144,72,57,80726.89,1,0.12
2081-09-30,South,standard,149,93,17,137895.03,4,0.139
2081-10-31,North,standard,129,89,6,101304.06,2,0.068
2081-11-30,West,standard,144,129,35,129147.51,2,0.151
2081-12-31,East,family,86,151,36,170745.02,5,0.188
2082-01-31,West,family,48,138,51,193297.53,3,0.127
2082-02-28,North,standard,114,111,15,232434.7,5,0.063
2082-03-31,North,standard,43,127,10,217571.66,3,0.173
2082-04-30,North,family,124,135,48,236454.05,2,0.106
2082-05-31,East,family,124,141,56,206696.92,4,0.02
2082-06-30,West,standard,115,129,17,153951.6,5,0.111
2082-07-31,East,standard,158,123,18,232980.6,2,0.143
2082-08-31,South,standard,55,153,45,152947.92,1,0.135
2082-09-30,West,premium,96,77,39,146652.52,5,0.169
2082-10-31,North,family,178,38,23,253631.9,4,0.144
2082-11-30,North,premium,75,94,38,216631.21,2,0.124
2082-12-31,East,premium,175,79,40,188237.91,1,0.041
2083-01-31,West,standard,40,35,9,214832.34,3,0.075
2083-02-28,South,standard,45,153,42,221147.47,3,0.127
2083-03-31,South,family,69,157,39,109236.54,3,0.146
2083-04-30,East,premium,172,90,54,172578.42,3,0.079
2083-05-31,West,standard,130,125,15,118384.86,4,0.095
2083-06-30,South,standard,114,153,52,183357.39,3,0.138
2083-07-31,West,family,57,91,44,143746.85,5,0.044
2083-08-31,East,premium,57,54,29,245094.26,5,0.042
2083-09-30,East,family,160,44,5,203143.41,1,0.11
2083-10-31,East,family,154,37,42,136700.7,2,0.129
2083-11-30,South,standard,48,38,59,176316.54,5,0.101
2083-12-31,East,family,100,146,15,116731.71,1,0.029
2084-01-31,West,premium,116,121,12,179259.32,2,0.12
2084-02-29,South,standard,139,83,10,204556.34,1,0.067
2084-03-31,West,family,41,154,17,190370.33,2,0.145
2084-04-30,West,premium,155,96,44,80827.98,4,0.115
2084-05-31,North,standard,113,78,16,160463.12,1,0.13
2084-06-30,West,family,115,151,54,202619.36,1,0.145
2084-07-31,South,standard,90,124,53,192482.75,1,0.099
2084-08-31,North,premium,46,58,46,235102.56,1,0.152
2084-09-30,South,standard,170,120,5,112969.51,4,0.169
2084-10-31,North,family,155,155,33,203344.63,1,0.135
2084-11-30,South,family,156,80,16,144655.05,1,0.172
2084-12-31,North,standard,137,81,39,186917.72,5,0.095
2085-01-31,East,standard,108,99,41,197432.13,2,0.156
2085-02-28,West,family,167,62,45,211482.51,3,0.13
2085-03-31,West,standard,55,151,42,148328.15,2,0.08
2085-04-30,West,premium,77,60,36,186392.65,1,0.116
2085-05-31,North,premium,102,134,49,118769.48,4,0.099
2085-06-30,North,family,149,97,24,106650.92,4,0.098
2085-07-31,East,family,86,115,53,204892.54,2,0.123
2085-08-31,West,family,162,90,51,174419.91,2,0.162
2085-09-30,West,standard,84,119,9,96229.93,1,0.107
2085-10-31,North,family,89,145,25,134644.09,3,0.124
2085-11-30,East,premium,84,102,37,178072.06,3,0.061
2085-12-31,East,standard,97,36,54,254840.83,5,0.124
2086-01-31,South,standard,154,125,59,229333.54,2,0.165
2086-02-28,South,family,86,35,48,217001.15,4,0.152
2086-03-31,East,family,108,102,9,87876.83,2,0.138
2086-04-30,West,standard,40,49,48,172240.08,3,0.099
2086-05-31,West,standard,117,137,8,200943.69,2,0.081
2086-06-30,North,standard,72,108,50,196777.82,5,0.116
2086-07-31,West,family,108,113,45,197883.76,3,0.067
2086-08-31,South,standard,86,131,59,165434.99,3,0.071
2086-09-30,South,premium,93,61,51,264946.56,1,0.157
2086-10-31,East,premium,55,92,59,250875.48,3,0.083
2086-11-30,West,premium,104,55,41,172398.36,5,0.191
2086-12-31,North,premium,147,109,32,128114.18,5,0.063
2087-01-31,East,standard,125,82,18,279730.56,3,0.137
2087-02-28,North,family,99,113,25,149461.45,5,0.073
2087-03-31,West,family,158,108,7,236897.66,1,0.126
2087-04-30,South,standard,119,32,45,272511.34,4,0.078
2087-05-31,West,premium,125,56,32,129924.35,2,0.121
2087-06-30,West,standard,79,62,58,191600.48,2,0.113
2087-07-31,North,premium,135,79,58,159702.65,5,0.102
2087-08-31,West,premium,90,159,39,202813.26,3,0.14
2087-09-30,West,family,67,91,56,193091.62,3,0.179
2087-10-31,West,family,145,73,6,274327.86,1,0.096
2087-11-30,West,standard,120,140,29,206575.95,2,0.155
2087-12-31,West,premium,105,153,7,176639.05,2,0.123
2088-01-31,West,premium,139,68,12,233354.98,4,0.118
2088-02-29,East,premium,123,93,30,163480.38,4,0.206
2088-03-31,South,family,146,47,48,158812.81,3,0.034
2088-04-30,West,family,99,58,48,288975.38,3,0.093
2088-05-31,East,standard,179,99,44,136030.92,4,0.048
2088-06-30,East,premium,117,30,53,152630.32,5,0.107
2088-07-31,West,family,105,123,59,179269.31,4,0.11
2088-08-31,East,standard,165,58,25,124234.05,4,0.271
2088-09-30,South,family,179,96,12,71628.89,1,0.133
2088-10-31,South,standard,77,71,33,229842.3,3,0.191
2088-11-30,South,standard,72,61,56,137836.54,1,0.171
2088-12-31,North,premium,112,87,33,150010.61,5,0.102
2089-01-31,North,premium,50,118,58,158449.07,3,0.139
2089-02-28,West,family,136,88,10,127992.95,3,0.186
2089-03-31,West,family,134,121,31,123365.13,1,0.126
2089-04-30,North,premium,52,101,5,185100.94,4,0.128
2089-05-31,South,premium,77,127,43,296941.25,3,0.139
2089-06-30,West,standard,174,91,33,213878.76,3,0.06
2089-07-31,West,standard,65,107,19,214402.15,2,0.087
2089-08-31,East,premium,109,34,32,101790.74,2,0.133
2089-09-30,West,premium,135,52,40,175851.86,5,0.141
2089-10-31,South,premium,74,64,52,117894.21,4,0.083
2089-11-30,West,premium,87,104,59,215664.64,5,0.107
2089-12-31,West,premium,146,155,14,165654.97,1,0.115
2090-01-31,East,premium,99,46,7,178965.35,2,0.114
2090-02-28,North,premium,154,33,51,172629.93,5,0.147
2090-03-31,South,standard,48,113,36,147878.58,1,0.124
2090-04-30,East,family,128,125,19,100986.45,5,0.126
2090-05-31,South,premium,87,144,40,206034.5,4,0.063
2090-06-30,North,premium,168,91,34,107904.88,5,0.078
2090-07-31,North,premium,101,130,42,118019.19,3,0.132
2090-08-31,West,premium,52,121,43,162170.9,3,0.056
2090-09-30,South,standard,157,33,53,141747.64,2,0.13
2090-10-31,East,premium,113,73,12,190136.67,3,0.093
2090-11-30,South,family,48,122,52,227573.82,5,0.087
2090-12-31,West,family,144,78,57,189494.04,3,0.145
2091-01-31,North,standard,121,106,29,186905.84,1,0.093
2091-02-28,South,family,168,97,57,178216.43,3,0.085
2091-03-31,East,family,138,114,39,219952.12,1,0.093
2091-04-30,West,premium,129,148,58,84758.79,2,0.122
2091-05-31,South,family,71,142,34,195407.15,1,0.228
2091-06-30,East,family,124,72,5,130408.79,4,0.035
2091-07-31,West,standard,63,88,14,115404.42,2,0.119
2091-08-31,East,premium,94,41,40,177291.58,5,0.11
2091-09-30,West,standard,100,134,56,157685.11,4,0.157
2091-10-31,West,family,120,34,41,206213.52,3,0.105
2091-11-30,North,premium,69,88,42,232087.52,2,0.021
2091-12-31,South,standard,117,144,53,60767.13,5,0.172
2092-01-31,North,standard,85,150,21,173433.12,4,0.076
2092-02-29,South,standard,166,70,16,274967.4,2,0.117
2092-03-31,North,standard,178,154,53,220429.09,2,0.065
2092-04-30,East,family,155,45,11,249369.48,5,0.076
2092-05-31,North,family,72,123,22,182139.74,4,0.099
2092-06-30,West,standard,143,107,49,105285.8,5,0.153
2092-07-31,East,premium,177,134,18,120802.98,3,0.153
2092-08-31,South,family,169,139,19,212636.46,4,0.095
2092-09-30,South,standard,162,86,53,224994.99,4,0.139
2092-10-31,East,premium,49,107,8,140475.74,5,0.104
2092-11-30,South,premium,61,126,42,163637.38,2,0.124
2092-12-31,North,premium,147,49,10,190129.56,4,0.125
2093-01-31,North,family,82,109,11,89544.96,3,0.144
2093-02-28,East,standard,104,82,40,159552.95,4,0.095
2093-03-31,East,standard,107,77,35,257963.74,1,0.114
2093-04-30,West,family,145,64,34,286334.89,3,0.128
2093-05-31,North,standard,143,90,19,171643.35,5,0.123
2093-06-30,North,standard,81,32,46,268634.01,1,0.087
2093-07-31,East,premium,150,109,13,150805.52,1,0.187
2093-08-31,East,family,105,155,49,136544.5,1,0.101
2093-09-30,West,family,121,92,36,65147.06,5,0.149
2093-10-31,North,family,155,89,5,224907.05,5,0.127
2093-11-30,East,standard,79,89,32,158357.75,3,0.167
2093-12-31,West,standard,44,47,56,294052.97,1,0.032
2094-01-31,West,standard,131,100,32,193646.3,5,0.2
2094-02-28,South,standard,80,145,53,186499.25,4,0.11
2094-03-31,South,standard,76,144,6,86768.74,3,0.07
2094-04-30,South,family,108,158,56,252089.88,1,0.124
2094-05-31,North,family,162,51,18,158946.61,3,0.209
2094-06-30,East,premium,159,136,47,169040.44,4,0.139
2094-07-31,East,premium,142,95,8,66775.48,2,0.07
2094-08-31,East,standard,77,62,26,223419.09,5,0.1
2094-09-30,West,premium,172,128,44,226546.43,4,0.172
2094-10-31,East,premium,155,54,18,146821.35,4,0.063
2094-11-30,West,family,45,90,57,181770.03,3,0.112
2094-12-31,North,standard,74,98,55,196758.49,1,0.107
2095-01-31,West,family,56,102,24,225286.4,1,0.205
2095-02-28,East,premium,82,105,28,182371.28,4,0.107
2095-03-31,South,standard,134,42,59,263289.48,1,0.171
2095-04-30,East,premium,117,144,31,165036.64,3,0.092
2095-05-31,North,premium,60,54,55,146846.59,1,0.087
2095-06-30,West,family,131,155,43,153831.86,5,0.159
2095-07-31,East,premium,123,154,31,50290.42,5,0.144
2095-08-31,North,family,163,148,42,136837.17,1,0.05
2095-09-30,West,standard,83,68,34,227537.63,3,0.144
2095-10-31,South,standard,163,74,43,190441.43,2,0.144
2095-11-30,North,premium,131,131,25,136272.74,1,0.094
2095-12-31,East,premium,75,106,39,194709.6,5,0.128
2096-01-31,North,family,85,157,38,76300.77,4,0.129
2096-02-29,East,premium,144,46,32,162999.77,5,0.099
2096-03-31,West,family,136,107,34,203496.32,2,0.096
2096-04-30,North,family,128,97,47,212155.33,5,0.092
2096-05-31,West,family,96,151,16,138530.17,1,0.108
2096-06-30,East,standard,94,39,26,222910.91,3,0.066
2096-07-31,South,family,118,86,38,270757.29,1,0.117
2096-08-31,North,premium,148,44,19,155939.07,4,0.059
2096-09-30,North,premium,75,128,48,214335.49,4,0.122
2096-10-31,North,family,165,45,54,99414.27,5,0.115
2096-11-30,South,standard,67,156,32,79193.36,4,0.078
2096-12-31,West,premium,107,69,51,207939.84,4,0.153
2097-01-31,East,family,83,87,7,179473.35,2,0.196
2097-02-28,North,standard,168,70,44,187322.69,1,0.171
2097-03-31,East,family,64,73,29,148185.67,5,0.064
2097-04-30,South,premium,57,121,14,162660.17,1,0.169
2097-05-31,West,premium,135,77,52,217905.36,1,0.127
2097-06-30,West,standard,63,39,7,263285.04,1,0.117
2097-07-31,West,standard,178,49,59,166545.56,5,0.095
2097-08-31,East,family,146,44,55,94838.43,1,0.118
2097-09-30,North,standard,163,158,46,241124.28,2,0.174
2097-10-31,East,standard,82,115,56,207537.55,1,0.14
2097-11-30,South,standard,144,152,43,211512.55,5,0.102
2097-12-31,West,standard,121,117,19,186521.53,2,0.092
2098-01-31,North,family,99,119,52,293611.11,4,0.102
2098-02-28,South,standard,109,122,39,181204.48,4,0.142
2098-03-31,West,standard,42,145,40,203147.85,4,0.193
2098-04-30,East,family,60,123,6,84736.68,5,0.077
2098-05-31,North,standard,57,89,26,148468.75,5,0.119
2098-06-30,West,standard,145,116,26,143078.89,3,0.103
2098-07-31,South,family,77,81,22,175941.86,2,0.089
2098-08-31,East,family,143,101,43,194851.92,1,0.134
2098-09-30,East,premium,139,48,59,139947.76,1,0.141
2098-10-31,East,family,60,126,24,264026.12,5,0.062
2098-11-30,South,family,85,34,20,124146.41,2,0.078
2098-12-31,South,family,76,40,49,154903.31,5,0.166
2099-01-31,North,standard,56,61,25,189359.99,4,0.131
2099-02-28,East,standard,152,57,55,114860.45,5,0.139
2099-03-31,South,premium,92,128,47,205985.04,4,0.099
2099-04-30,South,standard,167,126,12,209097.75,1,0.104
2099-05-31,North,standard,158,60,24,162808.67,4,0.137
2099-06-30,East,premium,161,55,42,272944.22,3,0.099
2099-07-31,West,family,143,74,5,181529.84,2,0.075
2099-08-31,South,family,110,98,25,191502.63,4,0.119
2099-09-30,South,premium,99,122,12,129400.57,1,0.155
2099-10-31,South,family,91,63,14,93669.75,3,0.078
2099-11-30,North,premium,127,120,51,145867.53,5,0.161
2099-12-31,West,standard,102,86,24,161353.58,1,0.146
2100-01-31,West,premium,160,40,48,154655.19,3,0.084
2100-02-28,East,family,64,138,31,215900.65,5,0.119
2100-03-31,North,family,91,72,52,58046.02,4,0.117
2100-04-30,South,family,109,115,54,120707.81,3,0.144
2100-05-31,North,premium,79,66,45,86069.7,1,0.145
2100-06-30,West,family,72,87,47,244568.11,1,0.067
2100-07-31,West,premium,118,114,12,149172.47,1,0.065
2100-08-31,South,family,62,65,5,151685.61,2,0.159
2100-09-30,South,premium,149,40,53,122322.94,3,0.123
2100-10-31,West,family,93,134,8,222450.38,4,0.135
2100-11-30,North,family,145,40,7,156849.7,4,0.132
2100-12-31,West,family,48,115,59,188561.27,2,0.179
2101-01-31,West,family,150,107,13,75662.92,2,0.071
2101-02-28,South,premium,105,87,35,236067.41,4,0.162
2101-03-31,West,family,159,51,7,197224.82,4,0.086
2101-04-30,East,standard,137,143,38,205091.05,2,0.147
2101-05-31,West,premium,152,80,19,239353.06,2,0.172
2101-06-30,North,family,131,120,24,167819.79,3,0.064
2101-07-31,East,premium,55,139,6,169129.21,2,0.135
2101-08-31,South,standard,176,157,50,213431.77,2,0.108
2101-09-30,West,family,94,133,59,198862.32,3,0.107
2101-10-31,West,premium,164,116,35,165253.5,1,0.12
2101-11-30,South,family,111,156,16,179721.09,1,0.077
2101-12-31,East,family,128,146,37,152276.39,5,0.081
2102-01-31,South,standard,65,34,14,213315.67,3,0.145
2102-02-28,East,premium,165,101,18,224281.27,2,0.152
2102-03-31,West,standard,150,70,47,177799.0,3,0.096
2102-04-30,East,premium,102,122,47,271616.48,4,0.061
2102-05-31,West,family,98,46,12,100527.36,3,0.21
2102-06-30,East,family,151,139,16,165871.59,5,0.162
2102-07-31,South,family,63,155,55,263257.75,5,0.133
2102-08-31,East,standard,79,41,12,156453.92,2,0.078
2102-09-30,South,premium,59,127,28,97422.6,4,0.096
2102-10-31,South,family,113,91,37,247474.2,1,0.128
2102-11-30,North,family,92,158,6,204910.41,3,0.081
2102-12-31,North,family,177,108,50,117757.42,3,0.182
2103-01-31,South,standard,165,153,44,216411.88,5,0.124
2103-02-28,South,premium,123,37,21,126349.0,2,0.134
2103-03-31,East,family,147,108,59,110439.82,4,0.078
2103-04-30,South,standard,110,132,21,169976.65,5,0.083
2103-05-31,North,family,99,37,47,153509.97,3,0.087
2103-06-30,South,standard,150,123,13,122596.12,1,0.13
2103-07-31,East,standard,90,139,47,159287.8,3,0.108
2103-08-31,West,family,83,151,38,127272.69,4,0.107
2103-09-30,East,standard,59,100,49,180619.24,3,0.131
2103-10-31,South,standard,156,78,47,176460.79,1,0.128
2103-11-30,South,standard,150,139,40,214959.94,4,0.177
2103-12-31,South,standard,42,90,11,154831.03,2,0.111
2104-01-31,West,family,158,71,30,110878.55,4,0.079
2104-02-29,South,family,73,148,34,111495.99,1,0.118
2104-03-31,North,standard,164,131,56,165304.0,4,0.176
2104-04-30,East,premium,64,83,34,254622.31,5,0.097
2104-05-31,West,premium,62,35,55,220164.3,1,0.121
2104-06-30,West,family,76,138,10,145491.26,3,0.105
2104-07-31,South,family,170,58,23,224855.01,4,0.135
2104-08-31,West,family,172,84,34,119497.63,4,0.129
2104-09-30,West,standard,132,35,50,228432.3,3,0.087
2104-10-31,South,standard,43,73,19,158444.09,1,0.11
2104-11-30,South,family,126,147,29,216173.79,2,0.156
2104-12-31,South,standard,81,66,15,208852.57,2,0.162
2105-01-31,South,premium,142,39,52,163746.27,2,0.155
2105-02-28,West,premium,120,57,59,194076.27,5,0.153
2105-03-31,South,premium,162,52,51,124155.5,1,0.106
2105-04-30,South,standard,138,86,9,173950.71,4,0.104
2105-05-31,West,standard,84,50,43,231958.76,3,0.155
2105-06-30,East,premium,148,51,23,383080.32,4,0.073
2105-07-31,North,standard,73,63,34,212908.87,2,0.116
2105-08-31,North,family,93,137,39,182074.28,3,0.046
2105-09-30,North,family,72,66,37,126896.19,3,0.104
2105-10-31,West,premium,70,156,27,230775.88,2,0.091
2105-11-30,North,family,96,127,35,94620.34,1,0.071
2105-12-31,South,premium,159,42,5,137427.33,5,0.141
2106-01-31,East,family,102,78,37,195634.75,5,0.09
2106-02-28,South,standard,57,37,52,117237.17,2,0.104
2106-03-31,North,premium,145,53,54,254915.71,3,0.109
2106-04-30,North,standard,49,30,18,232490.38,1,0.09
2106-05-31,West,standard,118,77,10,149189.39,1,0.175
2106-06-30,South,family,72,151,27,149839.17,4,0.099
2106-07-31,South,family,166,156,22,111550.74,3,0.126
2106-08-31,West,standard,108,39,54,107449.2,1,0.067
2106-09-30,South,family,97,71,44,199886.47,5,0.1
2106-10-31,West,premium,171,118,58,208964.39,4,0.106
2106-11-30,North,premium,104,127,32,195314.24,1,0.107
2106-12-31,South,standard,142,69,55,191021.39,4,0.096
2107-01-31,West,family,101,93,43,149590.92,4,0.124
2107-02-28,West,family,118,55,27,195764.02,2,0.18
2107-03-31,East,family,109,98,6,103860.79,4,0.113
2107-04-30,South,standard,112,62,45,178106.16,3,0.113
2107-05-31,West,premium,101,52,9,251630.16,3,0.103
2107-06-30,South,premium,137,119,51,244059.01,3,0.218
2107-07-31,East,premium,106,49,20,154451.5,3,0.182
2107-08-31,East,premium,127,32,15,160932.45,1,0.141
2107-09-30,South,family,141,91,39,246824.8,2,0.146
2107-10-31,North,family,87,142,58,267384.41,1,0.091
2107-11-30,East,standard,63,77,43,102618.62,2,0.113
2107-12-31,South,family,52,103,10,156301.92,2,0.127
2108-01-31,East,premium,123,54,21,189454.16,5,0.123
2108-02-29,East,family,68,60,41,238848.83,1,0.085
2108-03-31,West,family,90,51,15,135655.95,3,0.088
2108-04-30,West,premium,149,57,18,209942.94,1,0.139
2108-05-31,East,family,104,108,32,162638.33,5,0.131
2108-06-30,North,standard,128,115,16,296937.71,2,0.036
2108-07-31,North,standard,60,71,34,199299.56,3,0.122
2108-08-31,East,family,151,111,12,170960.45,4,0.169
2108-09-30,East,family,123,80,21,160908.12,4,0.093
2108-10-31,West,family,46,71,56,230715.95,3,0.128
2108-11-30,South,premium,105,51,46,211820.11,5,0.062
2108-12-31,South,standard,166,73,12,123378.34,1,0.151
2109-01-31,North,premium,106,71,22,188629.94,3,0.075
2109-02-28,North,family,93,90,55,110528.71,4,0.07
2109-03-31,North,standard,43,139,58,139792.62,3,0.106
2109-04-30,East,standard,169,148,14,112751.28,4,0.212
2109-05-31,East,premium,71,60,55,111185.44,5,0.095
2109-06-30,North,premium,123,99,23,143266.6,4,0.069
2109-07-31,South,premium,99,45,12,128543.97,5,0.137
2109-08-31,East,premium,116,139,16,204248.53,4,0.128
2109-09-30,South,premium,56,73,33,217749.62,2,0.184
2109-10-31,South,premium,154,113,59,165755.88,2,0.069
2109-11-30,South,premium,62,147,57,121564.77,2,0.056
2109-12-31,East,family,127,103,10,218129.42,5,0.106
2110-01-31,West,premium,75,148,25,76134.2,5,0.134
2110-02-28,South,family,134,93,52,80790.59,3,0.133
2110-03-31,South,premium,53,152,57,214277.0,5,0.161
2110-04-30,South,premium,62,118,21,210698.98,1,0.06
2110-05-31,North,premium,166,111,18,226684.47,3,0.086
2110-06-30,East,family,124,93,57,166925.36,4,0.114
2110-07-31,West,premium,153,156,25,114428.08,1,0.152
2110-08-31,East,premium,89,124,46,152186.05,4,0.137
2110-09-30,North,premium,146,105,23,206225.55,2,0.102
2110-10-31,North,premium,50,53,19,139271.97,3,0.079
2110-11-30,North,family,140,138,54,142504.24,2,0.153
2110-12-31,West,premium,58,71,33,107733.98,3,0.156
2111-01-31,South,standard,130,41,33,119326.85,2,0.225
2111-02-28,South,premium,107,143,13,220096.2,4,0.112
2111-03-31,West,family,128,119,19,200581.25,5,0.182
2111-04-30,South,standard,76,81,27,119440.27,4,0.071
2111-05-31,North,standard,54,99,32,123521.06,2,0.097
2111-06-30,South,standard,147,139,6,149535.25,3,0.092
2111-07-31,South,family,104,66,21,205282.18,1,0.101
2111-08-31,North,standard,57,151,42,119090.24,1,0.084
2111-09-30,East,premium,98,44,36,169296.21,3,0.098
2111-10-31,South,premium,41,105,37,70059.88,2,0.117
2111-11-30,West,premium,163,123,53,114636.62,5,0.101
2111-12-31,West,standard,179,43,19,198891.54,5,0.145
2112-01-31,South,family,96,67,7,222851.69,1,0.116
2112-02-29,East,family,83,128,5,119701.62,3,0.119
2112-03-31,West,premium,128,109,54,138926.12,3,0.177
2112-04-30,North,family,111,116,56,217833.28,4,0.131
2112-05-31,North,standard,145,116,34,158177.28,4,0.125
2112-06-30,North,premium,69,67,11,150587.18,1,0.118
2112-07-31,North,family,93,33,8,203833.52,3,0.121
2112-08-31,South,premium,69,142,23,187618.85,3,0.141
2112-09-30,West,standard,172,45,10,233610.87,1,0.087
2112-10-31,West,family,96,92,6,217660.99,4,0.164
2112-11-30,South,family,129,143,19,148876.02,2,0.18
2112-12-31,South,premium,150,37,26,171826.73,4,0.164
2113-01-31,West,standard,126,122,50,174789.14,3,0.1
2113-02-28,West,premium,45,38,27,109717.77,5,0.056
2113-03-31,South,premium,178,45,44,128936.22,1,0.102
2113-04-30,East,premium,157,59,34,226607.53,3,0.125
2113-05-31,East,family,82,76,50,98136.97,4,0.151
2113-06-30,East,premium,178,109,22,227765.24,2,0.112
2113-07-31,West,family,164,76,58,192160.51,3,0.107
2113-08-31,West,family,118,135,18,170865.76,1,0.178
2113-09-30,South,family,100,40,11,204863.79,3,0.093
2113-10-31,West,standard,90,42,48,201758.43,2,0.161
2113-11-30,North,standard,75,60,35,238537.55,4,0.154
2113-12-31,South,family,72,32,20,157765.5,3,0.067
2114-01-31,North,family,57,63,14,166400.3,3,0.13
2114-02-28,South,premium,65,110,23,165528.69,5,0.097
2114-03-31,West,standard,177,117,39,272344.39,5,0.082
2114-04-30,South,family,85,83,32,225338.18,3,0.046
2114-05-31,North,standard,69,71,11,131514.38,3,0.057
2114-06-30,South,premium,159,87,20,161165.84,4,0.135
2114-07-31,North,premium,123,102,33,142496.17,3,0.104
2114-08-31,North,family,40,136,44,178600.56,4,0.13
2114-09-30,South,family,75,49,36,188663.66,1,0.077
2114-10-31,South,standard,150,149,9,292991.35,1,0.106
2114-11-30,North,family,78,80,12,86361.69,1,0.108
2114-12-31,East,family,133,155,22,229554.05,2,0.058
2115-01-31,South,standard,121,70,43,199866.78,1,0.054
2115-02-28,North,standard,42,131,28,142752.25,3,0.136
2115-03-31,West,premium,57,90,11,170480.15,5,0.125
2115-04-30,North,premium,49,30,19,153131.11,1,0.082
2115-05-31,South,standard,155,34,37,180524.92,3,0.115
2115-06-30,North,family,142,49,51,228526.64,1,0.145
2115-07-31,West,premium,58,107,17,101873.32,4,0.191
2115-08-31,South,standard,134,106,24,243915.67,4,0.084
2115-09-30,West,family,62,51,17,159317.79,5,0.143
2115-10-31,West,standard,83,154,28,253433.35,4,0.202
2115-11-30,North,family,136,72,30,198747.91,4,0.121
2115-12-31,North,family,160,40,30,239953.03,1,0.176
2116-01-31,North,standard,81,102,13,206497.62,1,0.02
2116-02-29,North,family,69,96,50,232562.31,1,0.176
2116-03-31,South,standard,42,44,35,180972.57,5,0.118
2116-04-30,North,premium,99,81,17,136464.36,5,0.045
2116-05-31,West,standard,119,112,27,211887.23,3,0.149
2116-06-30,South,standard,56,82,50,213833.75,3,0.16
2116-07-31,West,standard,132,77,45,283439.13,1,0.166
2116-08-31,North,premium,130,64,57,77746.14,2,0.166
2116-09-30,North,premium,62,81,35,168331.82,1,0.118
2116-10-31,South,standard,52,65,19,231466.52,4,0.09
2116-11-30,North,standard,67,54,12,115424.92,2,0.101
2116-12-31,North,premium,65,60,14,166857.88,4,0.117
2117-01-31,North,family,65,45,34,284425.89,5,0.135
2117-02-28,South,premium,147,43,48,249303.67,5,0.1
2117-03-31,West,standard,71,67,41,134219.79,3,0.121
2117-04-30,West,premium,110,102,22,249813.07,1,0.153
2117-05-31,East,standard,148,40,20,237687.63,4,0.132
2117-06-30,North,premium,132,87,17,217312.95,4,0.209
2117-07-31,South,premium,98,115,20,197470.12,5,0.203
2117-08-31,East,standard,142,122,9,190327.6,3,0.074
2117-09-30,North,family,42,91,14,134818.17,4,0.097
2117-10-31,South,family,124,113,38,152535.42,2,0.067
2117-11-30,West,standard,88,102,17,215149.26,1,0.073
2117-12-31,South,premium,67,153,56,185499.88,3,0.14
2118-01-31,South,standard,64,140,12,271114.92,3,0.08
2118-02-28,West,family,137,74,53,161753.76,1,0.078
2118-03-31,East,premium,174,36,51,58229.54,5,0.108
2118-04-30,North,premium,56,144,37,161754.97,1,0.15
2118-05-31,East,standard,82,30,20,192407.61,2,0.105
2118-06-30,West,standard,77,80,29,197678.96,1,0.105
2118-07-31,North,standard,108,61,39,181924.19,3,0.155
2118-08-31,West,premium,102,115,58,137348.46,4,0.137
2118-09-30,East,family,134,32,20,253418.57,4,0.137
2118-10-31,East,premium,56,134,41,145308.75,4,0.156
2118-11-30,South,standard,110,110,50,214185.88,1,0.079
2118-12-31,North,family,54,81,57,164211.43,2,0.127
2119-01-31,North,premium,152,30,24,118651.1,4,0.094
2119-02-28,East,family,131,88,42,249398.77,2,0.159
2119-03-31,West,standard,163,102,33,52994.5,4,0.151
2119-04-30,East,standard,143,112,43,136022.89,4,0.078
2119-05-31,South,standard,135,79,23,200328.71,1,0.171
2119-06-30,West,family,91,44,43,160837.33,2,0.073
2119-07-31,West,premium,158,53,53,216272.56,3,0.165
2119-08-31,North,standard,94,99,11,173730.95,2,0.127
2119-09-30,North,premium,74,60,53,156072.44,4,0.085
2119-10-31,West,family,69,42,18,286921.03,5,0.075
2119-11-30,North,premium,111,79,6,167777.67,1,0.107
2119-12-31,West,premium,113,59,8,170896.56,3,0.118
2120-01-31,North,premium,75,81,33,124632.36,1,0.091
2120-02-29,North,standard,121,110,56,141415.59,3,0.141
2120-03-31,South,premium,68,51,14,211344.11,4,0.064
2120-04-30,South,premium,170,156,59,207079.59,4,0.119
2120-05-31,South,standard,44,46,9,178980.25,1,0.119
2120-06-30,North,premium,45,159,38,143873.26,1,0.045
2120-07-31,West,premium,85,77,38,213261.16,5,0.131
2120-08-31,West,family,167,63,13,93724.79,2,0.069
2120-09-30,East,standard,69,122,52,161880.15,4,0.021
2120-10-31,West,premium,178,49,11,166366.64,4,0.095
2120-11-30,West,standard,87,111,13,136692.7,1,0.11
2120-12-31,West,family,88,97,29,186684.9,4,0.154
2121-01-31,South,family,54,138,24,145665.02,5,0.1
2121-02-28,East,premium,141,87,26,138909.47,5,0.177
2121-03-31,West,standard,161,60,25,269272.28,4,0.175
2121-04-30,East,family,155,79,15,216231.21,2,0.162
2121-05-31,West,standard,60,45,38,239189.28,3,0.171
2121-06-30,East,premium,131,129,9,181792.7,3,0.133
2121-07-31,South,premium,102,48,36,227500.45,1,0.097
2121-08-31,East,premium,80,122,40,218348.02,2,0.144
2121-09-30,North,standard,147,79,27,239997.36,4,0.157
2121-10-31,West,premium,127,103,48,297794.98,1,0.128
2121-11-30,West,premium,160,82,39,168046.63,2,0.109
2121-12-31,East,premium,162,110,8,192369.36,1,0.057
2122-01-31,West,premium,159,128,26,176866.25,5,0.145
2122-02-28,South,standard,54,105,22,50000.0,1,0.133
2122-03-31,South,standard,126,99,22,109650.61,4,0.067
2122-04-30,East,premium,107,117,21,180462.2,1,0.123
2122-05-31,South,family,64,89,48,211230.12,2,0.147
2122-06-30,North,standard,43,150,34,150780.74,3,0.114
2122-07-31,South,standard,68,42,17,236384.02,4,0.15
2122-08-31,East,premium,158,153,38,243831.79,3,0.149
2122-09-30,South,standard,135,61,27,158994.04,3,0.061
2122-10-31,East,standard,148,157,27,250891.8,4,0.107
2122-11-30,East,family,166,107,11,267298.91,3,0.138
2122-12-31,South,premium,46,141,52,202949.65,4,0.155
2123-01-31,East,family,96,34,53,130679.12,5,0.174
2123-02-28,West,family,144,43,26,253204.86,3,0.043
2123-03-31,West,premium,143,46,21,171616.07,4,0.116
2123-04-30,West,premium,136,88,21,160948.23,4,0.147
2123-05-31,North,standard,59,33,31,185673.19,5,0.167
2123-06-30,South,standard,57,131,47,152989.9,3,0.185
2123-07-31,East,standard,100,146,53,233521.53,5,0.082
2123-08-31,North,premium,113,68,51,218786.2,2,0.104
2123-09-30,South,premium,84,65,40,240895.79,5,0.077
2123-10-31,North,standard,136,108,53,209017.93,3,0.151
2123-11-30,East,standard,71,142,8,140266.71,1,0.067
2123-12-31,North,family,86,37,14,172018.36,4,0.166
2124-01-31,South,standard,54,96,22,223768.98,2,0.156
2124-02-29,South,standard,110,56,15,159652.92,5,0.138
2124-03-31,West,standard,143,94,44,325998.65,3,0.033
2124-04-30,South,premium,176,82,30,167884.89,5,0.092
2124-05-31,East,premium,73,81,16,150680.53,3,0.148
2124-06-30,West,premium,128,39,58,237445.14,1,0.063
2124-07-31,North,standard,47,146,19,217386.89,3,0.109
2124-08-31,South,standard,110,85,39,178603.71,4,0.115
2124-09-30,South,standard,163,147,37,168487.79,4,0.154
2124-10-31,West,standard,49,59,39,201325.16,1,0.13
2124-11-30,East,family,93,139,51,221776.64,1,0.13
2124-12-31,East,standard,56,142,22,218135.7,4,0.101
2125-01-31,South,premium,114,130,29,164916.88,3,0.119
2125-02-28,West,family,159,71,59,201595.66,5,0.113
2125-03-31,North,premium,105,117,33,222197.59,2,0.148
2125-04-30,South,family,143,79,15,218248.51,4,0.112
2125-05-31,South,premium,82,155,8,50000.0,2,0.16
2125-06-30,North,premium,156,134,35,135486.83,1,0.052
2125-07-31,North,family,73,83,13,141206.73,3,0.166
2125-08-31,West,family,120,102,42,168483.73,3,0.112
2125-09-30,West,premium,89,149,32,188954.32,3,0.163
2125-10-31,North,standard,120,36,49,226071.72,1,0.122
2125-11-30,North,standard,77,57,8,210884.26,1,0.153
2125-12-31,North,premium,114,58,49,173652.37,4,0.178
2126-01-31,North,premium,77,32,51,181157.12,2,0.097
2126-02-28,West,premium,142,109,26,267956.0,4,0.122
2126-03-31,North,standard,71,118,37,149361.81,3,0.112
2126-04-30,East,standard,86,55,19,195224.46,4,0.127
2126-05-31,West,premium,42,126,35,258274.96,2,0.055
2126-06-30,North,family,109,62,58,197296.21,2,0.112
2126-07-31,North,premium,40,144,7,77824.21,2,0.109
2126-08-31,South,family,105,110,35,198746.38,3,0.088
2126-09-30,West,family,160,91,39,160632.24,2,0.111
2126-10-31,West,standard,132,94,20,174344.94,2,0.058
2126-11-30,West,family,113,53,14,232550.68,1,0.174
2126-12-31,South,standard,70,64,12,203476.71,5,0.136
2127-01-31,East,standard,161,72,10,166797.92,2,0.193
2127-02-28,East,family,43,102,49,224600.48,5,0.084
2127-03-31,South,standard,67,91,34,201763.91,3,0.073
2127-04-30,North,family,52,112,51,185257.05,1,0.13
2127-05-31,South,standard,89,132,29,195050.4,5,0.053
2127-06-30,West,premium,65,35,36,192655.74,3,0.128
2127-07-31,East,standard,61,137,56,163023.79,5,0.091
2127-08-31,North,family,160,65,26,157045.0,4,0.105
2127-09-30,West,family,115,44,32,181258.07,2,0.129
2127-10-31,East,family,140,70,41,132287.79,2,0.12
2127-11-30,South,family,113,129,40,117055.82,3,0.192
2127-12-31,North,family,144,144,58,245045.55,1,0.144
2128-01-31,East,family,146,128,50,168015.37,2,0.068
2128-02-29,East,premium,102,36,36,178799.89,1,0.157
2128-03-31,North,standard,158,43,35,173247.8,3,0.066
2128-04-30,West,standard,54,75,48,181170.29,4,0.122
2128-05-31,East,premium,171,31,46,181135.55,2,0.069
2128-06-30,North,premium,105,55,53,183256.25,1,0.086
2128-07-31,North,family,61,63,59,139752.71,2,0.171
2128-08-31,South,premium,160,120,46,226601.16,2,0.097
2128-09-30,East,standard,133,109,13,145395.26,2,0.093
2128-10-31,West,family,111,135,31,231745.26,4,0.096
2128-11-30,West,family,77,33,7,84059.28,4,0.106
2128-12-31,East,standard,128,37,14,126923.75,1,0.176
2129-01-31,West,standard,152,123,15,229606.19,3,0.072
2129-02-28,South,premium,92,142,43,172592.5,4,0.07
2129-03-31,East,family,61,113,25,146448.95,5,0.141
2129-04-30,East,standard,61,120,50,198758.68,3,0.055
2129-05-31,South,standard,151,156,39,127723.72,3,0.104
2129-06-30,South,family,127,58,57,183843.6,2,0.163
2129-07-31,East,premium,75,126,6,69242.35,5,0.119
2129-08-31,West,premium,107,149,13,157381.95,3,0.099
2129-09-30,West,family,63,147,49,147507.75,2,0.09
2129-10-31,South,family,88,68,11,206980.81,2,0.082
2129-11-30,East,standard,152,34,20,223788.56,3,0.095
2129-12-31,West,standard,76,132,39,137272.62,5,0.124
2130-01-31,West,standard,174,47,28,260445.56,3,0.168
2130-02-28,East,premium,137,39,50,150398.34,4,0.157
2130-03-31,North,premium,47,106,11,77203.81,2,0.096
2130-04-30,East,family,84,89,9,61014.57,2,0.089
2130-05-31,North,standard,83,124,53,256948.04,2,0.146
2130-06-30,South,premium,120,95,38,175623.17,1,0.047
2130-07-31,South,premium,179,54,12,147633.58,1,0.101
2130-08-31,East,standard,76,146,19,142605.09,3,0.105
2130-09-30,North,standard,64,87,15,125389.18,4,0.074
2130-10-31,East,premium,145,138,59,247611.69,5,0.079
2130-11-30,North,family,127,113,22,175805.85,2,0.132
2130-12-31,South,family,92,101,24,269510.41,5,0.053
2131-01-31,North,family,137,65,59,170049.87,3,0.082
2131-02-28,North,standard,106,36,9,62485.37,1,0.092
2131-03-31,South,premium,164,38,51,222221.7,5,0.121
2131-04-30,West,standard,169,85,48,161590.23,2,0.064
2131-05-31,East,standard,83,91,10,168146.12,5,0.161
2131-06-30,East,premium,140,78,21,258363.67,3,0.106
2131-07-31,North,family,110,140,54,166830.6,5,0.108
2131-08-31,North,standard,143,159,28,238099.66,3,0.103
2131-09-30,West,standard,91,41,45,179750.42,4,0.091
2131-10-31,East,family,87,118,12,142400.94,1,0.079
2131-11-30,South,premium,42,125,47,205365.74,1,0.163
2131-12-31,South,family,157,82,23,149965.88,1,0.126
2132-01-31,West,standard,112,80,18,241414.75,3,0.113
2132-02-29,South,family,94,77,12,227994.33,3,0.157
2132-03-31,North,family,115,82,48,183136.7,1,0.089
2132-04-30,West,family,178,129,19,210494.85,4,0.142
2132-05-31,South,standard,156,146,37,208230.11,4,0.118
2132-06-30,South,premium,165,42,36,166219.14,4,0.082
2132-07-31,South,premium,92,47,25,224757.32,3,0.147
2132-08-31,South,standard,132,136,21,168635.42,4,0.058
2132-09-30,East,family,113,46,5,210810.28,5,0.143
2132-10-31,South,family,156,117,41,132482.73,4,0.082
2132-11-30,East,family,142,38,32,185101.42,4,0.133
2132-12-31,North,family,116,86,54,200804.62,1,0.172
2133-01-31,West,standard,107,34,16,140577.32,2,0.14
2133-02-28,North,family,142,122,36,159283.65,2,0.093
2133-03-31,East,premium,110,103,7,153447.78,2,0.116
2133-04-30,South,family,57,81,6,216532.5,2,0.103
2133-05-31,North,premium,47,120,30,144158.34,5,0.071
2133-06-30,North,family,178,48,57,202086.71,2,0.073
2133-07-31,East,premium,76,112,41,256438.75,2,0.119
2133-08-31,North,standard,152,84,15,198056.77,2,0.138
2133-09-30,West,premium,55,84,53,99655.37,2,0.047
2133-10-31,South,family,59,36,24,186550.64,2,0.114
2133-11-30,South,standard,44,139,25,232329.99,5,0.137
2133-12-31,North,premium,73,41,33,165996.86,2,0.121
2134-01-31,South,premium,177,70,54,235786.6,2,0.077
2134-02-28,East,premium,120,87,39,211244.16,1,0.158
2134-03-31,West,standard,41,123,25,201410.76,5,0.069
2134-04-30,West,standard,146,137,23,167305.62,5,0.142
2134-05-31,East,family,170,42,13,154769.61,2,0.18
2134-06-30,South,standard,60,56,29,167598.9,5,0.036
2134-07-31,North,premium,117,78,58,183572.82,3,0.127
2134-08-31,East,premium,174,95,39,206595.48,4,0.129
2134-09-30,East,family,86,47,26,201486.96,5,0.126
2134-10-31,East,premium,88,157,30,165433.27,2,0.086
2134-11-30,East,family,126,67,15,183768.05,5,0.104
2134-12-31,North,premium,179,137,20,199906.08,3,0.062
2135-01-31,South,premium,169,130,36,99297.45,1,0.122
2135-02-28,North,family,145,147,27,142148.38,5,0.138
2135-03-31,West,premium,79,147,6,140628.39,1,0.09
2135-04-30,West,family,107,117,26,170398.18,3,0.08
2135-05-31,West,premium,64,70,34,166833.89,3,0.098
2135-06-30,South,family,90,106,21,167734.85,4,0.116
2135-07-31,West,premium,174,53,32,137009.44,4,0.119
2135-08-31,West,family,53,105,38,214300.4,4,0.112
2135-09-30,South,premium,57,57,20,194571.27,4,0.119
2135-10-31,North,standard,52,108,33,98557.42,5,0.065
2135-11-30,West,standard,67,126,22,181375.63,5,0.02
2135-12-31,East,premium,128,90,27,124407.17,4,0.141
2136-01-31,South,premium,92,130,33,265850.93,1,0.172
2136-02-29,West,standard,148,76,44,157966.77,1,0.061
2136-03-31,West,standard,123,99,8,161069.8,4,0.09
2136-04-30,West,premium,167,61,49,184965.08,3,0.128
2136-05-31,North,standard,84,77,46,170781.11,4,0.154
2136-06-30,North,family,91,38,40,177874.42,5,0.142
2136-07-31,South,family,44,151,15,258170.1,5,0.166
2136-08-31,East,standard,171,77,23,192115.04,1,0.114
2136-09-30,North,family,156,118,45,222570.92,3,0.132
2136-10-31,South,family,81,130,56,237192.79,1,0.132
2136-11-30,East,family,72,105,58,132107.02,2,0.099
2136-12-31,West,family,171,101,10,265307.66,1,0.163
2137-01-31,West,family,111,134,42,215266.51,5,0.141
2137-02-28,North,premium,168,51,49,228720.4,1,0.155
2137-03-31,South,family,84,42,46,137701.82,1,0.101
2137-04-30,South,family,61,135,28,221744.98,1,0.157
2137-05-31,South,premium,122,144,44,201555.59,1,0.075
2137-06-30,West,premium,160,35,26,154034.64,4,0.132
2137-07-31,South,premium,54,99,12,295040.52,3,0.02
2137-08-31,South,premium,138,151,51,209243.89,3,0.077
2137-09-30,West,premium,44,88,12,168941.27,5,0.145
2137-10-31,South,premium,138,114,41,190616.96,4,0.098
2137-11-30,West,family,163,77,25,226435.91,3,0.123
2137-12-31,West,standard,157,102,58,237443.42,3,0.053
2138-01-31,West,premium,125,73,24,210020.46,4,0.177
2138-02-28,South,standard,115,83,53,241806.17,2,0.139
2138-03-31,South,standard,58,133,21,254458.26,3,0.115
2138-04-30,North,standard,110,137,11,119219.08,4,0.132
2138-05-31,East,standard,169,58,26,156679.53,5,0.129
2138-06-30,South,family,91,30,32,133991.89,1,0.171
2138-07-31,North,premium,79,154,59,185837.25,4,0.124
2138-08-31,North,premium,161,32,47,253141.98,2,0.058
2138-09-30,North,premium,114,98,28,213642.49,4,0.106
2138-10-31,North,standard,166,97,9,128705.14,3,0.166
2138-11-30,North,family,45,111,25,166311.46,1,0.138
2138-12-31,East,family,62,68,34,232423.72,4,0.1
2139-01-31,North,premium,134,47,30,154425.2,5,0.14
2139-02-28,West,standard,148,82,59,176164.73,4,0.121
2139-03-31,East,standard,176,156,21,196222.45,1,0.14
2139-04-30,East,family,78,99,18,89925.01,3,0.054
2139-05-31,East,family,76,88,20,219979.53,1,0.081
2139-06-30,East,family,65,35,11,198115.75,4,0.142
2139-07-31,West,premium,144,150,11,209426.29,1,0.107
2139-08-31,South,premium,67,157,20,132067.03,2,0.13
2139-09-30,East,family,166,36,16,142600.34,3,0.193
2139-10-31,East,premium,120,118,23,151158.34,3,0.104
2139-11-30,East,family,134,130,46,193528.25,5,0.125
2139-12-31,West,standard,79,42,20,184517.37,5,0.094
2140-01-31,West,premium,141,77,49,187390.83,1,0.092
2140-02-29,East,standard,73,126,28,270585.85,3,0.113
2140-03-31,North,family,64,142,13,246274.09,5,0.059
2140-04-30,West,standard,53,99,50,145048.92,4,0.034
2140-05-31,West,premium,61,68,17,148324.88,4,0.169
2140-06-30,East,premium,85,119,33,266786.37,3,0.112
2140-07-31,South,family,54,73,5,165151.43,3,0.16
2140-08-31,North,premium,148,125,37,249941.94,3,0.121
2140-09-30,South,standard,89,31,44,260931.1,5,0.122
2140-10-31,East,family,43,158,10,153882.55,4,0.142
2140-11-30,West,premium,165,64,29,167525.67,2,0.144
2140-12-31,South,premium,107,45,8,185141.56,1,0.069
2141-01-31,North,premium,131,45,40,137811.93,5,0.163
2141-02-28,North,family,124,159,57,132106.83,2,0.078
2141-03-31,East,standard,151,151,42,160940.36,1,0.124
2141-04-30,East,family,46,91,24,223634.88,1,0.216
2141-05-31,West,premium,90,129,43,158605.35,3,0.119
2141-06-30,West,standard,81,56,57,170683.88,3,0.181
2141-07-31,East,family,119,151,34,157737.97,2,0.102
2141-08-31,North,premium,166,78,23,112758.13,4,0.14
2141-09-30,West,family,41,107,13,255218.79,1,0.118
2141-10-31,East,standard,179,77,40,63888.24,4,0.132
2141-11-30,West,family,106,43,57,148296.34,3,0.083
2141-12-31,East,standard,159,146,41,208936.28,2,0.08
2142-01-31,South,family,173,130,55,111207.86,4,0.129
2142-02-28,South,family,63,98,9,211237.26,2,0.055
2142-03-31,South,family,71,159,11,243616.37,5,0.083
2142-04-30,South,premium,146,38,8,138012.49,1,0.141
2142-05-31,West,family,98,85,54,191425.55,1,0.092
2142-06-30,South,standard,103,122,29,125467.31,4,0.081
2142-07-31,East,family,83,74,39,206335.87,1,0.073
2142-08-31,East,standard,63,94,12,185400.42,3,0.122
2142-09-30,South,family,157,53,6,191755.51,4,0.102
2142-10-31,East,premium,107,135,21,249284.71,2,0.122
2142-11-30,North,standard,41,63,49,204533.03,2,0.109
2142-12-31,East,premium,169,36,15,248270.95,2,0.188
2143-01-31,North,premium,56,52,50,212679.09,1,0.099
2143-02-28,North,standard,162,142,22,120988.95,5,0.04
2143-03-31,West,standard,139,95,45,194040.36,4,0.121
2143-04-30,West,family,94,146,30,205444.19,3,0.116
2143-05-31,East,family,95,97,22,108688.45,1,0.122
2143-06-30,West,standard,48,31,22,247644.32,5,0.053
2143-07-31,East,premium,95,134,21,184369.62,1,0.16
2143-08-31,North,family,166,91,23,199371.72,2,0.115
2143-09-30,South,family,163,44,32,136141.83,3,0.114
2143-10-31,North,premium,178,45,31,184595.64,2,0.054
2143-11-30,East,family,133,39,41,195958.87,4,0.135
2143-12-31,North,premium,111,98,42,164652.96,4,0.114
2144-01-31,East,standard,152,118,26,184997.13,1,0.169
2144-02-29,West,premium,71,41,7,74984.29,5,0.1
2144-03-31,North,standard,166,104,34,249060.36,2,0.068
2144-04-30,West,family,116,145,59,125248.39,1,0.121
2144-05-31,East,standard,102,147,55,71842.96,1,0.08
2144-06-30,North,family,137,53,28,132932.46,5,0.132
2144-07-31,East,premium,122,64,55,139204.32,2,0.074
2144-08-31,South,family,107,116,55,208129.68,3,0.111
2144-09-30,East,premium,166,128,25,135250.73,1,0.107
2144-10-31,North,standard,89,114,5,195149.53,5,0.115
2144-11-30,South,premium,158,107,35,132956.37,5,0.096
2144-12-31,South,premium,74,71,8,291279.44,5,0.085
2145-01-31,South,premium,97,150,46,208189.01,4,0.114
2145-02-28,West,standard,81,57,10,278729.37,3,0.094
2145-03-31,West,standard,65,114,14,130185.79,2,0.122
2145-04-30,North,standard,46,148,55,214092.19,5,0.105
2145-05-31,West,premium,119,113,36,133089.77,3,0.029
2145-06-30,North,standard,75,35,27,209816.03,1,0.114
2145-07-31,North,premium,179,55,12,214784.68,3,0.17
2145-08-31,South,standard,173,63,51,101149.65,3,0.128
2145-09-30,West,premium,85,151,32,124034.2,1,0.139
2145-10-31,East,family,41,72,43,122532.52,3,0.134
2145-11-30,East,premium,144,60,7,105653.21,1,0.098
2145-12-31,East,family,141,105,9,144271.05,2,0.064
2146-01-31,South,family,89,88,43,132796.61,5,0.148
2146-02-28,South,family,150,77,24,108533.51,3,0.157
2146-03-31,East,standard,56,47,47,185666.39,2,0.138
2146-04-30,North,family,96,44,23,208041.3,4,0.133
2146-05-31,West,standard,69,68,20,115011.96,4,0.131
2146-06-30,South,standard,123,104,29,152880.68,1,0.115
2146-07-31,East,family,49,33,11,181112.1,1,0.127
2146-08-31,West,premium,70,124,46,169109.76,3,0.117
2146-09-30,West,premium,62,63,39,145651.59,3,0.129
2146-10-31,West,premium,133,121,9,221184.87,3,0.08
2146-11-30,West,standard,97,115,56,223005.04,4,0.092
2146-12-31,North,standard,139,93,55,214629.1,1,0.138
2147-01-31,South,standard,57,112,43,170213.74,4,0.103
2147-02-28,West,premium,142,69,31,279940.04,4,0.023
2147-03-31,South,standard,120,55,30,267635.12,2,0.121
2147-04-30,South,family,108,31,25,160501.37,2,0.028
2147-05-31,West,premium,93,101,38,174578.74,5,0.19
2147-06-30,West,standard,175,99,43,239996.75,3,0.144
2147-07-31,South,family,128,45,52,140595.16,4,0.142
2147-08-31,North,standard,161,111,20,200486.04,3,0.091
2147-09-30,South,premium,75,60,48,182857.05,3,0.073
2147-10-31,West,premium,120,87,44,145376.06,4,0.108
2147-11-30,East,premium,137,91,40,168951.26,1,0.117
2147-12-31,North,family,135,154,27,101938.2,5,0.087
